שם פריט,מחיר,קטגוריה,price_val
אבקה לגלידה וניל י.כהן יבשים,₪ 35.00,אבקה,35.0
אבקה לגלידה שוקולד י.כהן יבשים,₪ 35.00,אבקה,35.0
אבקת אפייה 1 קג יבשים,₪ 12.86,אבקת,12.86
אבקת וואסבי וומטרי 1 קג יבשים,₪ 37.00,אבקת,37.0
אבקת מרק עוף בול אסם 1 קג יבשים,₪ 16.00,אבקת,16.0
אבקת מרק עוף דגש 1 קג יבשים,₪ 20.00,אבקת,20.0
אבקת מרק עוף קנור 1 קג יבשים,₪ 18.00,אבקת,18.0
אבקת מרק פטריות בול אסם 1 קג יבשים,₪ 30.00,אבקת,30.0
אבקת מרק פטריות קנור 1 קג יבשים,₪ 50.00,אבקת,50.0
אבקת נוגט יבשים,₪ 42.00,אבקת,42.0
אבקת סוכר יבשים,₪ 9.00,אבקת,9.0
אגוז לוז טבעי 1 קג-כהן יבשים,₪ 65.00,אגוז,65.0
אגוז לוז מולבן כהן 1 קג יבשים,₪ 85.00,אגוז,85.0
אגוז מלך מוסדי 10 קג יבשים,₪ 42.00,אגוז,42.0
אגוז מלך מקולף חיידר 1 קג יבשים,₪ 46.80,אגוז,46.8
אגוז מלך מקולף כהן 1 קג יבשים,₪ 47.11,אגוז,47.11
אגוז מלך קומבו אמריקאי 11.34 קג יבשים,₪ 42.00,אגוז,42.0
אגוז פקאן טבעי מקולף 1 קג יבשים,₪ 77.00,אגוז,77.0
אגוז פקאן מקולף חיידר 1 קג יבשים,₪ 75.00,אגוז,75.0
אגוז פקאן סיני חצאים 1 קג יבשים,₪ 75.00,אגוז,75.0
אגוז פקאן סיני שבור 1 קג -כהן יבשים,₪ 76.00,אגוז,76.0
אורז בסמטי 1 קג תומר יבשים,₪ 10.00,אורז,10.0
אורז בסמטי 5 קג יבשים,₪ 42.00,אורז,42.0
אורז בסמטי שוקחה 5 קג יבשים,₪ 44.50,אורז,44.5
אורז יסמין 5 קג ויליפוד יבשים,₪ 40.00,אורז,40.0
אורז יסמין 5 קג סוגת יבשים,₪ 40.00,אורז,40.0
אורז לריזוטו ארבוריו 1 קג יבשים,₪ 24.00,אורז,24.0
אורז לריזוטו קרנרולי 1 קג יבשים,₪ 24.00,אורז,24.0
אורז פרסי 1 קג TAWAAD יבשים,₪ 10.00,אורז,10.0
אורז פרסי תומר ארוך 1 קג יבשים,₪ 9.00,אורז,9.0
אורז קלרוז לסושי יבשים,₪ 12.00,אורז,12.0
אורז שחור 500 גרם יבשים,₪ 18.00,אורז,18.0
אטריות אורז 5 ממ 454 גרם יבשים,₪ 9.00,אטריות,9.0
אטריות אורז ללא גלוטן 3 ממ 400 גרם יבשים,₪ 7.00,אטריות,7.0
אטריות אורז למרק קנור 10 קג יבשים,₪ 110.00,אטריות,110.0
אטריות צופ סואי ליון 9 קג יבשים,₪ 155.00,אטריות,155.0
אייס וניל 1 קג יבשים,₪ 25.00,אייס,25.0
אייס פסיפלורה 1 קג יבשים,₪ 30.00,אייס,30.0
אייס קפה 1 קג יבשים,₪ 30.00,אייס,30.0
אננס 10-A חתוך 3 קג ויליפוד יבשים,₪ 32.00,אננס,32.0
אננס פרוס 820 גרם יבשים,₪ 8.50,אננס,8.5
אננס שלם פרוס 3 קג יבשים,₪ 28.00,אננס,28.0
אנשובי בשמן זית 45 גרם אימפורט יבשים,₪ 15.00,אנשובי,15.0
אנשובי בשמן זית 45 גרם תומר יבשים,₪ 15.00,אנשובי,15.0
אנשובי בשמן זית 46 גרם יבשים,₪ 15.00,אנשובי,15.0
אנשובי בשמן חמניות 50 גרם אימפורט יבשים,₪ 12.00,אנשובי,12.0
אנשובי בשמן חמניות 50 גרם תומר יבשים,₪ 12.00,אנשובי,12.0
אפונה ירוקה חצאים סוגת 5 קג יבשים,₪ 32.00,אפונה,32.0
אפרסק חצאים 820 גרם שימורים יבשים,₪ 9.50,אפרסק,9.5
אצות נורי גולד 50 דף יבשים,₪ 40.00,אצות,40.0
ארטישוק א-לה רומנה מהדרין 510 גרם יבשים,₪ 30.00,ארטישוק,30.0
ארטישוק א-לה רומנה צנצנת 510 גרם יבשים,₪ 30.00,ארטישוק,30.0
ארטישוק א לה רומנה מהדרין 2.45 קג יבשים,₪ 110.00,ארטישוק,110.0
ארטישוק אלרומנה גרצי 2.4 קג יבשים,₪ 100.00,ארטישוק,100.0
ארטישוק אלרומנה ריסטוריס 2.4 קג יבשים,₪ 80.00,ארטישוק,80.0
ארטישוק תחתיות במים פרי חן יבשים,₪ 34.00,ארטישוק,34.0
ארטישוק תחתיות שימורים כהן יבשים,₪ 34.00,ארטישוק,34.0
בוטן מולבן חצאים כהן יבשים,₪ 23.00,בוטן,23.0
בוטן מולבן חצוי אלמנדוס 1 קג יבשים,₪ 23.00,בוטן,23.0
בוטן מקולף אקסטרה-חיידר 1 קג יבשים,₪ 25.00,בוטן,25.0
בורגול דק 1 קג כהן יבשים,₪ 7.20,בורגול,7.2
בורגול דק חיידר 5 קג יבשים,₪ 36.00,בורגול,36.0
בורגול דק סוגת 5 קג יבשים,₪ 36.00,בורגול,36.0
בורגול עבה אקסטרה 5 קג יבשים,₪ 35.00,בורגול,35.0
בורגול עבה סוגת 5 קג יבשים,₪ 35.00,בורגול,35.0
בזילקום יבש 1 קג יבשים,₪ 30.00,בזילקום,30.0
בייגלה שמיניות מלוח אסם 400 גרם יבשים,₪ 11.00,בייגלה,11.0
ביסקויט אוראו וניל 176 גרם יבשים,₪ 10.00,ביסקויט,10.0
ביסקויט לוטוס 1 קג יבשים,₪ 37.00,ביסקויט,37.0
ביסקויט לוטוס בטעם קרמל 250 גרם יבשים,₪ 13.00,ביסקויט,13.0
בירה ארגז-24 בלונד יבשים,₪ 192.00,בירה,192.0
בצל מטוגן 1 קג יבשים,₪ 116.00,בצל,116.0
בצל מטוגן 500 גרם יבשים,₪ 58.00,בצל,58.0
גינגיר לבן כבוש 1 קג יבשים,₪ 20.00,גינגיר,20.0
גלטין דגים 1 קג יבשים,₪ 146.90,גלטין,146.9
גריסים סוגת 5 קג יבשים,₪ 27.00,גריסים,27.0
גרנולה אגוזים 1 קג יבשים,₪ 28.00,גרנולה,28.0
גרנולה חמוציות וצימוקים 1 קג יבשים,₪ 22.00,גרנולה,22.0
גרנולה קראנצי אגוזים 600 גרם יבשים,₪ 13.00,גרנולה,13.0
גרעיני דלעת 1 קג -כהן יבשים,₪ 32.00,גרעיני,32.0
גרעיני דלעת 1 קג חיידר יבשים,₪ 32.00,גרעיני,32.0
גרעיני חמניה מקולף 1 קג יבשים,₪ 16.50,גרעיני,16.5
גרעיני חמניה מקולף 2 קג -כהן יבשים,₪ 32.00,גרעיני,32.0
דבש טהור יד מרדכי 1 קג יבשים,₪ 43.68,דבש,43.68
דובדבן אמרנה בסירופ 1000 גרם יבשים,₪ 46.00,דובדבן,46.0
דובדבן יבש יבשים,₪ 34.00,דובדבן,34.0
דלעת מקולף 1 קג יבשים,₪ 33.00,דלעת,33.0
וופל בלגי 1 קג כהן יבשים,₪ 20.00,וופל,20.0
זית חרוזית יווני 2 קג יבשים,₪ 50.00,זית,50.0
זית חרוזית ירוק 9 ליטר יבשים,₪ 90.00,זית,90.0
זית חרוזית שחור 9 ליטר יבשים,₪ 93.00,זית,93.0
זית טבעות ירוק 4.9 קג המרכז יבשים,₪ 100.00,זית,100.0
זית טבעות ירוק 2A קטן המרכז יבשים,₪ 10.00,זית,10.0
זית טבעות ירוק פרי חן יבשים,₪ 100.00,זית,100.0
זית טבעות שחור 9 ליטר המרכז יבשים,₪ 95.00,זית,95.0
זית טבעות שחור פרי חן 9 ליטר יבשים,₪ 95.00,זית,95.0
זית טבעות שחור שימורים קטן 2A יבשים,₪ 10.00,זית,10.0
זית מיקס דלי 10 קג ויליפוד יבשים,₪ 170.00,זית,170.0
זית מרוקאי יבש 5 קג יבשים,₪ 150.00,זית,150.0
זית סורי בלדי סבא חביב 10 קג יבשים,₪ 155.00,זית,155.0
זית סורי המרכז 10 קג יבשים,₪ 150.00,זית,150.0
זית סורי מבוקע ויליפוד 10 קג יבשים,₪ 150.00,זית,150.0
זית סורי סנטה גדול 10 קג יבשים,₪ 150.00,זית,150.0
זית שחור טאסוס יבשים,₪ 15.00,זית,15.0
זית שחור טאסוס 250 גרם דדוש יבשים,₪ 16.00,זית,16.0
זיתים מושחרים מגולענים מוטולה יבשים,₪ 80.00,זיתים,80.0
זיתים שחורים טאסוס 700 גרם יבשים,₪ 30.00,זיתים,30.0
זיתים שחורים פח 10 קג יבשים,₪ 220.00,זיתים,220.0
זרעי חרדל צהוב 1 קג יבשים,₪ 23.00,זרעי,23.0
זרעי ציה 1 קג יבשים,₪ 33.00,זרעי,33.0
חומוס גרגרים שימורים קטן 2A המרכז יבשים,₪ 5.00,חומוס,5.0
חומוס הדס 5 קג יבשים,₪ 50.00,חומוס,50.0
חומוס מקסיקני 5 קג יבשים,₪ 75.00,חומוס,75.0
חומוס מקסיקני 5 קג סוגת יבשים,₪ 70.00,חומוס,70.0
חומוס שלם בקופסא 550 גרם יבשים,₪ 4.91,חומוס,4.91
חומץ אורז 500 מל יבשים,₪ 15.00,חומץ,15.0
חומץ אורז יפני 20 ליטר )nesuY( יבשים,₪ 300.00,חומץ,300.0
חומץ בלסמי 5 ליטר כשר LEINAD יבשים,₪ 74.00,חומץ,74.0
חומץ בלסמי 5 ליטר לבן LEINAD יבשים,₪ 81.00,חומץ,81.0
חומץ בלסמי ממודנה 5 ליטר יבשים,₪ 74.00,חומץ,74.0
חומץ בלסמי מצומצם 250 מל -כהן יבשים,₪ 21.00,חומץ,21.0
חומץ בלסמי מצומצם 250 מל LEINAD יבשים,₪ 20.00,חומץ,20.0
חומץ בלסמי מצומצם 250 מל לואיז יבשים,₪ 20.00,חומץ,20.0
חומץ בן יין אדום 5 ליטר LEINAD יבשים,₪ 50.00,חומץ,50.0
חומץ בן יין לבן 5 ליטר יבשים,₪ 52.00,חומץ,52.0
חומץ בן יין לבן 5 ליטר LEINAD יבשים,₪ 55.00,חומץ,55.0
חומץ בן יין לבן 500 מל יבשים,₪ 13.00,חומץ,13.0
חומץ טבעי 4 ליטר-כהן יבשים,₪ 15.00,חומץ,15.0
חומץ יכין 1 ליטר יבשים,₪ 5.00,חומץ,5.0
חומץ יכין %5 גלון 4 ליטר יבשים,₪ 17.00,חומץ,17.0
חומץ לבן בלסמי מצומצם 250 מל LEINAD יבשים,₪ 20.00,חומץ,20.0
חומץ עסיס טבעי %5 גלון 2 ליטר יבשים,₪ 13.50,חומץ,13.5
חומץ תפוחים 500 מל כשר LEINAD יבשים,₪ 14.00,חומץ,14.0
חומץ תפוחים טבעי תומר 750 מל יבשים,₪ 14.00,חומץ,14.0
חמאת בוטנים 1 קג יבשים,₪ 28.00,חמאת,28.0
חמאת בוטנים דלי 4 קג יבשים,₪ 100.00,חמאת,100.0
חמוציות חתוך 2 קג-כהן יבשים,₪ 54.00,חמוציות,54.0
חציל כבוש 9 ליטר המרכז יבשים,₪ 42.00,חציל,42.0
חציל קלוי על האש-כהן יבשים,₪ 27.50,חציל,27.5
חציל קלוי על האש 2.8 קג ARES יבשים,₪ 32.00,חציל,32.0
חריסה יבשים,₪ 17.00,חריסה,17.0
טבסקו ירוק 60 מל יבשים,₪ 12.00,טבסקו,12.0
טונה AKIM וואקום 1 קג יבשים,₪ 28.00,טונה,28.0
טונה ויליפוד פאוץ 1 קג יבשים,₪ 28.50,טונה,28.5
טונה ויליפוד פח מוסדי 1 קג יבשים,₪ 28.50,טונה,28.5
טונה ויליפוד רביעייה בשמן 160 גרם יבשים,₪ 22.00,טונה,22.0
טונה סטארקיסט פאוץ 1 קג יבשים,₪ 28.00,טונה,28.0
טונה סטארקיסט פחית 960 גרם יבשים,₪ 29.00,טונה,29.0
טונה סטארקיסט רביעייה בשמן 160 גרם יבשים,₪ 24.00,טונה,24.0
טונה סטארקיסט רביעייה בשמן 4*120 גרם יבשים,₪ 24.00,טונה,24.0
טונה פחית 960 גרם מהדרין תומר יבשים,₪ 28.00,טונה,28.0
טונה תומר רביעייה בשמן 140 גרם יבשים,₪ 20.00,טונה,20.0
טחינה גלילית -כהן 17 קג יבשים,₪ 296.40,טחינה,296.4
טחינה אל אמין עייאש 17 קג יבשים,₪ 330.00,טחינה,330.0
טחינה אל אמין שומרון 3 קג יבשים,₪ 70.00,טחינה,70.0
טחינה אלאמין שומרון 1 קג יבשים,₪ 26.00,טחינה,26.0
טחינה אלוואדי דלי 17 קג יבשים,₪ 300.00,טחינה,300.0
טחינה בארכה 5 קג יבשים,₪ 135.00,טחינה,135.0
טחינה הר ברכה 1 קג יבשים,₪ 31.00,טחינה,31.0
טחינה הר ברכה 18 קג יבשים,₪ 390.00,טחינה,390.0
טחינה שיבא לבנה 17 קג יבשים,₪ 330.00,טחינה,330.0
טמפורה 1 קג )גואנגדונג( יבשים,₪ 16.00,טמפורה,16.0
כרוב כבוש 2.25 קג בית השיטה יבשים,₪ 32.00,כרוב,32.0
לזניה פרפקטו 5 קג יבשים,₪ 105.00,לזניה,105.0
מונוסודיום גלוטומאט 1 קג יבשים,₪ 31.20,מונוסודיום,31.2
מחית כמהין %5 קיץ שחורות 500 גרם יבשים,₪ 78.00,מחית,78.0
מחית פיסטוק %100 4 קג כהן יבשים,₪ 120.00,מחית,120.0
מחצלת במבו שטוחה 24*24 סמ יבשים,₪ 4.95,מחצלת,4.95
מיסו שירו לבן 1 קג יבשים,₪ 22.00,מיסו,22.0
מיץ יוזו ללא מלח 1.8 ליטר יבשים,₪ 360.00,מיץ,360.0
מלפפון 80-66 בחומץ 9 ליטר המרכז יבשים,₪ 50.00,מלפפון,50.0
מלפפון 9-7 במלח שימורים קטן יבשים,₪ 5.50,מלפפון,5.5
מלפפון 95-81 במלח פרי חן יבשים,₪ 50.00,מלפפון,50.0
מלפפון 2A בחומץ 9-7 יבשים,₪ 5.50,מלפפון,5.5
מלפפון במלח 9 ליטר המרכז יבשים,₪ 50.00,מלפפון,50.0
מלפפון פרוס בחומץ 9 ליטר המרכז יבשים,₪ 50.00,מלפפון,50.0
מלפפון פרוס במלח 9 ליטר יבשים,₪ 50.00,מלפפון,50.0
מלפפון קורנישון 680 גרם-כהן יבשים,₪ 10.50,מלפפון,10.5
ממרח תות שדה פוליבה 850 גרם יבשים,₪ 12.00,ממרח,12.0
מרק היום ירקות כתומים 1 קג יבשים,₪ 45.14,מרק,45.14
מרק היום קנור עדשים כתומות 1 קג יבשים,₪ 47.50,מרק,47.5
נאצוס בטעם ברביקיו 225 גרם יבשים,₪ 8.00,נאצוס,8.0
נאצוס טבעי מלוח 225 גרם יבשים,₪ 8.00,נאצוס,8.0
נאצוס בטעם צילי 225 גרם יבשים,₪ 8.00,נאצוס,8.0
נוזל קוקוס ללא גלוטן %17 יבשים,₪ 16.00,נוזל,16.0
סודה ליאו יבשים,₪ 3.30,סודה,3.3
סודה לשתייה 1 קג יבשים,₪ 9.00,סודה,9.0
סודה סינגה שישיייה 325 מל יבשים,₪ 20.00,סודה,20.0
סוכר וניל כהן 1 קג יבשים,₪ 14.00,סוכר,14.0
סוכר חום דמררה-כהן 2 קג יבשים,₪ 22.00,סוכר,22.0
סוכר חום דמררה ברמן 1 קג יבשים,₪ 10.50,סוכר,10.5
סוכר חום כהה 1 קג-כהן יבשים,₪ 15.00,סוכר,15.0
סוכר חום כהה בשקביץ 1 קג יבשים,₪ 13.00,סוכר,13.0
סוכר חום מנות סוגת 1000 יח יבשים,₪ 60.00,סוכר,60.0
סוכר חום מנות קפה טוב יבשים,₪ 65.00,סוכר,65.0
סוכר חום סוגת צנצנת 1 קג יבשים,₪ 10.00,סוכר,10.0
סוכר לבן מנות קפה טוב יבשים,₪ 50.00,סוכר,50.0
סוכר מנות סוגת 1000 יח יבשים,₪ 50.00,סוכר,50.0
סוכר סוגת 1 קג יבשים,₪ 5.50,סוכר,5.5
סוכרזית קלאסי 1000 יח יבשים,₪ 36.00,סוכרזית,36.0
סולת דק 1 קג יבשים,₪ 4.50,סולת,4.5
סחלב אינסטנט חלבי 1 קג -כהן יבשים,₪ 30.00,סחלב,30.0
סחלב אינסטנט פרווה 1 קג -כהן יבשים,₪ 30.00,סחלב,30.0
סירופ מייפל אורגני 236 מל יבשים,₪ 20.00,סירופ,20.0
סירופ מייפל גלון 4 ליטר יבשים,₪ 62.00,סירופ,62.0
סירופ שוקולד גלון 4 ליטר יבשים,₪ 65.00,סירופ,65.0
סירת עץ להגשת סושי 50 סמ יבשים,₪ 250.00,סירת,250.0
סמנה חמאה מזוקקת 1 קג יבשים,₪ 22.00,סמנה,22.0
ספריי קצפת ייבוא יבשים,₪ 12.00,ספריי,12.0
ספריי קצפת ריץ מיכל 250 יבשים,₪ 12.00,ספריי,12.0
עדשים אדומות 5 קג חיידר יבשים,₪ 60.00,עדשים,60.0
עדשים אדומות 5 קג סוגת יבשים,₪ 55.00,עדשים,55.0
עדשים ירוקות סוגת 5 קג יבשים,₪ 60.00,עדשים,60.0
עדשים קנדי ירוקות 5 קג יבשים,₪ 60.00,עדשים,60.0
עדשים שחורים חיידר 4 קג יבשים,₪ 49.00,עדשים,49.0
עדשים שחורים סוגת 5 קג יבשים,₪ 55.00,עדשים,55.0
עלי גפן ממולאים באורז 400 גרם וילי פוד יבשים,₪ 16.00,עלי,16.0
עלי גפן תומר ממולא 1.7 קג יבשים,₪ 28.00,עלי,28.0
עמבה 5 קג פרימיום יבשים,₪ 34.00,עמבה,34.0
ערמונים קלופים 100 גרם יבשים,₪ 5.00,ערמונים,5.0
פודינג אינסטנט וניל אסם 1 קג יבשים,₪ 27.82,פודינג,27.82
פודינג וניל אשבל 1 קג יבשים,₪ 25.00,פודינג,25.0
פטרוזיליה יבשה יבשים,₪ 42.00,פטרוזיליה,42.0
פטריות חתוך כהן 2.5 קג יבשים,₪ 32.00,פטריות,32.0
פטריות חתוך תומר 2.5 קג יבשים,₪ 32.00,פטריות,32.0
פטריות שיטאקה ראקוטו 1 קג יבשים,₪ 110.00,פטריות,110.0
פטריות שלם תומר יבשים,₪ 31.96,פטריות,31.96
פטריות שלמות כהן 2.55 קג יבשים,₪ 35.00,פטריות,35.0
פיסטוק מקולף 11.34 קג יבשים,₪ 105.00,פיסטוק,105.0
פיסטוק מקולף שלם 1 קג -כהן יבשים,₪ 125.00,פיסטוק,125.0
פיסטוק מקולף שלם 1 קג חיידר יבשים,₪ 135.00,פיסטוק,135.0
פירורי לחם מוזהב 1 קג כהן יבשים,₪ 10.50,פירורי,10.5
פירורי לחם מוזהב 10 קג-כהן יבשים,₪ 80.00,פירורי,80.0
פירורי לחם מוזהב חתם סופר 10 קג יבשים,₪ 83.70,פירורי,83.7
פישתן 2 קג כהן יבשים,₪ 20.00,פישתן,20.0
פישתן אקסטרא 5 קג יבשים,₪ 60.00,פישתן,60.0
פלפל אדום קלוי על האש 2.9 קג ARES יבשים,₪ 36.00,פלפל,36.0
פלפל אדום קלוי 1.5 קג-כהן יבשים,₪ 30.00,פלפל,30.0
פלפל אדום קלוי על האש 650 גרם )ויליפוד( יבשים,₪ 12.00,פלפל,12.0
פלפל חלפיניו פרוסות יבשים,₪ 28.00,פלפל,28.0
פלפל צילי מתוק שלם 1 קג יבשים,₪ 35.00,פלפל,35.0
פלפל ציפוטלה ברוטב עגבניות 2.83 קג יבשים,₪ 100.00,פלפל,100.0
פלפל שאטה שלם 1 קג יבשים,₪ 30.00,פלפל,30.0
פלפל שיפקה 9 ליטר המרכז יבשים,₪ 42.00,פלפל,42.0
פלפל שיפקה 9 ליטר פרי חן יבשים,₪ 48.00,פלפל,48.0
פלפל שיפקה 2A שימורים קטן יבשים,₪ 6.00,פלפל,6.0
פלפל שיפקונית פרי-חן 6 קג יבשים,₪ 135.00,פלפל,135.0
פני פורי 1 קג -כשר יבשים,₪ 120.00,פני,120.0
פנקו פרורי לחם 1 קג )קינגדאו( יבשים,₪ 18.50,פנקו,18.5
פרג מלית פוליבה 400 גרם יבשים,₪ 10.00,פרג,10.0
פרג שלם 1 קג פוליבה יבשים,₪ 30.00,פרג,30.0
פריקה 5 קג כהן עדה חרדית יבשים,₪ 77.00,פריקה,77.0
פריקה אקסטרא חיידר 3 קג יבשים,₪ 46.20,פריקה,46.2
פתי בר וניל 1.7 קג-כהן יבשים,₪ 25.50,פתי,25.5
פתיתים מוטלו אורז 5 קג תומר יבשים,₪ 40.00,פתיתים,40.0
צימוק חום -כהן יבשים,₪ 30.00,צימוק,30.0
צימוק לבן בינוני-כהן 1 קג יבשים,₪ 30.00,צימוק,30.0
צלפים 370 גרם-כהן יבשים,₪ 13.00,צלפים,13.0
צלפים במי מלח 350 גרם ויליפוד יבשים,₪ 12.50,צלפים,12.5
צנובר סיני 1 קג חיידר יבשים,₪ 135.00,צנובר,135.0
צנובר סיני כהן 1 קג יבשים,₪ 135.00,צנובר,135.0
קאשיו מסוכר 1 קג יבשים,₪ 54.00,קאשיו,54.0
קוואקר עבה אקסטרה 5 קג יבשים,₪ 40.00,קוואקר,40.0
קוואקר שבולת שועל דק 2 קג יבשים,₪ 16.00,קוואקר,16.0
קוואקר שבולת שועל דק 500 גרם יבשים,₪ 4.50,קוואקר,4.5
קוואקר שבולת שועל עבה 500 גרם יבשים,₪ 4.50,קוואקר,4.5
קוסקוס ביה איטלקי 5 קג יבשים,₪ 40.00,קוסקוס,40.0
קוסקוס מוטלו 5 קג יבשים,₪ 40.00,קוסקוס,40.0
קוסקוס מרוקאי 1 קג יבשים,₪ 15.00,קוסקוס,15.0
קוקוס טחון 500 גרם פוליבה יבשים,₪ 12.00,קוקוס,12.0
קוקוס טחון חיידר יבשים,₪ 32.00,קוקוס,32.0
קוקטייל זיתים יווני בעשבי תיבול יבשים,₪ 26.00,קוקטייל,26.0
קוקטייל זיתים פרובנס אברמנטו יבשים,₪ 25.00,קוקטייל,25.0
קוקטייל זיתים שחורים פיקנטי צרפתי יבשים,₪ 32.00,קוקטייל,32.0
קורנפלור 1 קג יבשים,₪ 8.00,קורנפלור,8.0
קינואה אדומה 2 קג - כהן יבשים,₪ 38.00,קינואה,38.0
קינואה אדומה חיידר 5 קג יבשים,₪ 88.00,קינואה,88.0
קינואה אדומה סוגת 5 קג יבשים,₪ 85.00,קינואה,85.0
קינואה לבנה 2 קג כהן יבשים,₪ 34.00,קינואה,34.0
קינואה לבנה סוגת 5 קג יבשים,₪ 85.00,קינואה,85.0
קינמון מקלות 1 קג יבשים,₪ 38.00,קינמון,38.0
קינמון מקלות חיידר 1 קג יבשים,₪ 38.00,קינמון,38.0
קינמון פוליבה דלי 22 קג יבשים,₪ 245.00,קינמון,245.0
קלמטה זית טסוס 10 קג -כהן יבשים,₪ 245.00,קלמטה,245.0
קלמטה זיתים מגולענים 440 גרם דדוש יבשים,₪ 16.00,קלמטה,16.0
קלמטה זיתים שלמים 440 גרם דדוש יבשים,₪ 16.00,קלמטה,16.0
קלמטה חצוי 10 קג כהן יבשים,₪ 260.00,קלמטה,260.0
קלמטה חצוי 10 קג AILA יבשים,₪ 260.00,קלמטה,260.0
קלמטה חצוי 10 קג אברמנטו יבשים,₪ 260.00,קלמטה,260.0
קלמטה מגולען 10 קג לנדא-כהן יבשים,₪ 255.00,קלמטה,255.0
קלמטה מגולען אברמנטו 10 קג יבשים,₪ 255.00,קלמטה,255.0
קלמטה מגולען יווני 10 קג AILA יבשים,₪ 255.00,קלמטה,255.0
קלמטה פרוס 10 קג אליה מהדרין יבשים,₪ 260.00,קלמטה,260.0
קמח חומוס גונדי 1 קג כהן יבשים,₪ 24.83,קמח,24.83
קמח שקדים 10 קג פוליבה יבשים,₪ 400.00,קמח,400.0
קמח שקדים אלמנדוס 1 קג יבשים,₪ 50.00,קמח,50.0
קמח שקדים כהן 1 קג יבשים,₪ 50.00,קמח,50.0
קמח תירס פולנטה דיפלומט 1 קג יבשים,₪ 17.00,קמח,17.0
קפה טורקי עלית מנות אישיות 7 גרם יבשים,₪ 400.00,קפה,400.0
קפה נמס גייקובס צנצנת 200 גרם יבשים,₪ 28.00,קפה,28.0
קפה נמס טייסטרס צויס 200 גרם יבשים,₪ 40.00,קפה,40.0
קפה נמס עלית 200 גרם יבשים,₪ 27.00,קפה,27.0
קפה נמס עלית 500 גרם יבשים,₪ 70.00,קפה,70.0
קפה נמס עלית מנות אישיות יבשים,₪ 230.00,קפה,230.0
קפה נמס פלטינום ברזילאי 200 גרם יבשים,₪ 30.00,קפה,30.0
קפה פלאטינום נטול 200 גרם יבשים,₪ 38.00,קפה,38.0
קפה פלטינום ברזילאי מנות אישיות 600 יחידות יבשים,₪ 230.00,קפה,230.0
קפה שחור עלית מוסדי 1 קג יבשים,₪ 52.00,קפה,52.0
קקאו כהה %20-%22 1 קג כהן יבשים,₪ 78.00,קקאו,78.0
קקאו פרימיום בשקביץ %10-%12 יבשים,₪ 60.00,קקאו,60.0
קרוטונים אסם 1 קג יבשים,₪ 41.00,קרוטונים,41.0
קרם קוקוס %19-17 400 מל יבשים,₪ 8.00,קרם,8.0
קרם קוקוס 1 ליטר ללא גלוטן %22 יבשים,₪ 18.20,קרם,18.2
קרם קוקוס ראסקו %17-%19 )1 ליטר( יבשים,₪ 15.00,קרם,15.0
קשיו 240 22.68 ww קג כהן יבשים,₪ 50.00,קשיו,50.0
קשיו 320 WW גדול 22.68 קג יבשים,₪ 55.00,קשיו,55.0
קשיו 320WW גדול 1 קג -כהן יבשים,₪ 54.00,קשיו,54.0
קשיו טבעי 320 1 קג אלמנדוס יבשים,₪ 52.00,קשיו,52.0
קשיו טבעי גדול 1 קג כהן יבשים,₪ 52.00,קשיו,52.0
קשיו מסוכר 1 קג כהן יבשים,₪ 60.00,קשיו,60.0
רבעי ארטישוק בשמן 2.45 יבשים,₪ 80.00,רבעי,80.0
רבעי ארטישוק בשמן חמניות 1.7 קג דמטרה יבשים,₪ 75.00,רבעי,75.0
רבעי ארטישוק בשמן חמניות 2.45 קג lleb יבשים,₪ 80.00,רבעי,80.0
רבעי ארטישוק על הגריל כשר צנצנת 510 גרם יבשים,₪ 35.00,רבעי,35.0
רבעי עגבניות מיובשות בשמן 1.9 קג יבשים,₪ 100.00,רבעי,100.0
רוטב שום הלמנס 5.1 קג יבשים,₪ 115.00,רוטב,115.0
רכז עגבניות 100 גרם יכין יבשים,₪ 2.08,רכז,2.08
רכז רימונים 420 גרם -תומר %100 יבשים,₪ 25.00,רכז,25.0
שומשום לבן 1.9 קג -כהן יבשים,₪ 46.00,שומשום,46.0
שומשום לבן אקסטרא 5 קג יבשים,₪ 110.00,שומשום,110.0
שומשום לבן פוליבה 1 קג יבשים,₪ 25.00,שומשום,25.0
שומשום שחור 1 קג בר-מן יבשים,₪ 27.00,שומשום,27.0
שומשום שחור 1קג כהן יבשים,₪ 27.00,שומשום,27.0
שוקו 1 קג עלית יבשים,₪ 22.00,שוקו,22.0
שוקו אבקה כהן 1 קג יבשים,₪ 16.00,שוקו,16.0
שוקולד חלבי פוליבה %33 יבשים,₪ 62.50,שוקולד,62.5
שוקולד חלבי לובקה %35 יבשים,₪ 62.50,שוקולד,62.5
שוקולד לבן לובקה יבשים,₪ 62.50,שוקולד,62.5
שוקולד לבן מטבעות פוליבה יבשים,₪ 29.00,שוקולד,29.0
שוקולד מריר %46 מטבעות פוליבה יבשים,₪ 50.00,שוקולד,50.0
שוקולד מריר %55 לובקה יבשים,₪ 65.00,שוקולד,65.0
שוקולד צימקאו ציפס חום פוליבה יבשים,₪ 18.00,שוקולד,18.0
שיפודי יאקיטורי במבו לבן 15 סמ )200 יח( יבשים,₪ 14.50,שיפודי,14.5
שמיר יבש 1 קג יבשים,₪ 65.00,שמיר,65.0
שמן זרעי ענבים מארז ליטר+חצי ליטר יבשים,₪ 53.00,שמן,53.0
שמרים יבשים 100 גרם קאפוטו יבשים,₪ 13.20,שמרים,13.2
שמרים יבשים 500 גרם יבשים,₪ 13.00,שמרים,13.0
שעועית אדומה 2 קג -כהן יבשים,₪ 32.00,שעועית,32.0
שעועית אדומה סוגת 5 קג יבשים,₪ 60.00,שעועית,60.0
שעועית לבנה 2 קג -כהן יבשים,₪ 26.00,שעועית,26.0
שעועית לבנה סוגת 5 קג יבשים,₪ 60.00,שעועית,60.0
שקד אמריקאי חיידר 1 קג יבשים,₪ 60.00,שקד,60.0
שקד טבעי אמריקאי 1 קג כהן יבשים,₪ 57.00,שקד,57.0
שקד מולבן מקלות 1 קג יבשים,₪ 56.00,שקד,56.0
שקד מולבן פרוס אמריקאי 11.34 קג יבשים,₪ 50.00,שקד,50.0
שקד מולבן שלם 1 קג יבשים,₪ 62.00,שקד,62.0
שקדי מרק 1 קג אסם יבשים,₪ 30.00,שקדי,30.0
תאנים מיובשות שקיל קג יבשים,₪ 34.00,תאנים,34.0
תה ויסוצקי 75 שקיות יבשים,₪ 18.00,תה,18.0
תה ירוק בטעם לימון 120 יח יבשים,₪ 55.00,תה,55.0
תה ירוק לימונית ולואיזה 120 יח יבשים,₪ 47.00,תה,47.0
תירוש ענבים 750 מל יבשים,₪ 14.00,תירוש,14.0
תירס גמדי שלם שימורים 410 גרם יבשים,₪ 8.00,תירס,8.0
תירס גרעינים 2.155 קג תומר יבשים,₪ 28.00,תירס,28.0
תירס גרעינים 2.4 קג 8/A כהן יבשים,₪ 25.00,תירס,25.0
תירס גרעינים 340 גרם תומר יבשים,₪ 6.50,תירס,6.5
תירס גרעינים 400 גרם יכין יבשים,₪ 5.60,תירס,5.6
תירס גרעינים 420 גרם כהן יבשים,₪ 6.50,תירס,6.5
תירס גרעינים 9A פרי-חן יבשים,₪ 28.00,תירס,28.0
תירס גרעינים מתוק 340 גרם ויליפוד יבשים,₪ 4.50,תירס,4.5
תירס גרעינים מתוק 2A יכין יבשים,₪ 6.33,תירס,6.33
תירס ויליפוד 2.155 קג יבשים,₪ 28.31,תירס,28.31
תמצית וניל 100 מל שקד תבור יבשים,₪ 68.00,תמצית,68.0
תמצית וניל מדאגסקאר בורבון 60 מל יבשים,₪ 55.00,תמצית,55.0
תמצית וניל שקד תבור 50 מל יבשים,₪ 35.00,תמצית,35.0
תמצית מקלות וניל מדגסקר 944 מל יבשים,₪ 550.00,תמצית,550.0
תמר מגהול 1 קג יבשים,₪ 24.00,תמר,24.0
תערובת געלה נפטון 1 קג יבשים,₪ 41.00,תערובת,41.0
תערובת געלה 1 קג-כהן יבשים,₪ 38.00,תערובת,38.0
אסיאגו בקר משולש מוצרי חלב,₪ 90.00,אסיאגו,90.0
ארטישוק אלרומנה 2.45 קג ERRET מוצרי חלב,₪ 90.00,ארטישוק,90.0
בולגרית %16 בסגנון יווני געש מוצרי חלב,₪ 30.50,בולגרית,30.5
בולגרית מעודנת %5 געש מוצרי חלב,₪ 30.50,בולגרית,30.5
בולגרית מעודנת %5 שש בש 4 קג מוצרי חלב,₪ 36.00,בולגרית,36.0
בולגרית פיראוס %24 מסעדות מוצרי חלב,₪ 50.70,בולגרית,50.7
בוראטה געש מוצרי חלב,₪ 21.50,בוראטה,21.5
בוראטה עברי מוצרי חלב,₪ 24.00,בוראטה,24.0
בושה סנט מור עזים מוצרי חלב,₪ 89.00,בושה,89.0
בושה עיזים גלוז מוצרי חלב,₪ 89.00,בושה,89.0
בושה עיזים מובחלת 1 קג מוצרי חלב,₪ 86.00,בושה,86.0
ברי 125 גרם מוצרי חלב,₪ 15.56,ברי,15.56
ברי פקאן טבע עז שקיל מוצרי חלב,₪ 85.00,ברי,85.0
ברי פקאן שקיל מוצרי חלב,₪ 70.00,ברי,70.0
ברי צאן שלם טבעי מוצרי חלב,₪ 67.50,ברי,67.5
ברינזה צאן שומרון מוצרי חלב,₪ 70.00,ברינזה,70.0
גיבן עירקי וואקום שקיל מוצרי חלב,₪ 44.00,גיבן,44.0
גאודה בזלת הגולן מהדרין רובין מוצרי חלב,₪ 80.00,גאודה,80.0
גאודה בלוק כשר מוצרי חלב,₪ 30.80,גאודה,30.8
גאודה הולנדית הנרי ויליך כשר מוצרי חלב,₪ 65.00,גאודה,65.0
גאודה הולנדית כשר ויליפוד מוצרי חלב,₪ 60.00,גאודה,60.0
גאודה הולנדית מוצרי לא כשר מוצרי חלב,₪ 60.00,גאודה,60.0
גאודה הולנדית פארמרס ציז מוצרי חלב,₪ 60.00,גאודה,60.0
גאודה כבשים עברי חתוך מוצרי חלב,₪ 92.30,גאודה,92.3
גאודה כמון הנרי ויליך כשר מוצרי חלב,₪ 75.00,גאודה,75.0
גאודה עברי בקר חתוך מוצרי חלב,₪ 65.00,גאודה,65.0
גאודה עגבניות זיתים הנרי ויליך כשר מוצרי חלב,₪ 75.00,גאודה,75.0
גאודה עיזים הולנדית גלגל מוצרי חלב,₪ 80.00,גאודה,80.0
גאודה עיזים חלב ישראל מוצרי חלב,₪ 80.00,גאודה,80.0
גאודה עיזים ייבוא מוצרי מוצרי חלב,₪ 80.00,גאודה,80.0
גאודה פסטו אדום חלב ישראל מוצרי חלב,₪ 84.00,גאודה,84.0
גאודה פסטו ירוק חלב ישראל מוצרי חלב,₪ 82.60,גאודה,82.6
גאודה פרוס 1 קג מוצרי חלב,₪ 40.00,גאודה,40.0
גאודה פרוס 1 קג מוצרי חלב,₪ 32.00,גאודה,32.0
גאודה פרוס 400 גרם מוצרי חלב,₪ 18.00,גאודה,18.0
גאודה פרוס 400 גרם יורוציז מוצרי חלב,₪ 18.00,גאודה,18.0
גבינה %9 תנובה 2 קג מוצרי חלב,₪ 36.00,גבינה,36.0
גבינה כחולה HSINAD חלב ישראל מוצרי חלב,₪ 70.00,גבינה,70.0
גבינה לבנה %5 טרה 2 קג מוצרי חלב,₪ 40.00,גבינה,40.0
גבינה לבנה %5 טרה 750 גרם מוצרי חלב,₪ 15.20,גבינה,15.2
גבינה לבנה %5 תנובה 500 גרם מוצרי חלב,₪ 10.00,גבינה,10.0
גבינה לבנה %5 תנובה 750 גרם מוצרי חלב,₪ 15.00,גבינה,15.0
גבינה לבנה %9 טרה 2 קג מוצרי חלב,₪ 40.00,גבינה,40.0
גבינה מגורדת לכנאפה נאבילסיה מוצרי חלב,₪ 40.00,גבינה,40.0
גבינה מתוקה לכנאפה 1 קג מוצרי חלב,₪ 36.00,גבינה,36.0
גבינת עזים למריחה %5 טבע עז מוצרי חלב,₪ 60.00,גבינת,60.0
גבינת עיזים גולמית מוצרי חלב,₪ 75.00,גבינת,75.0
גבינת שמנת ארלה %25 כשר מוצרי חלב,₪ 30.00,גבינת,30.0
גבינת שמנת געש %25 שומן מוצרי חלב,₪ 27.90,גבינת,27.9
גבינת שמנת טבע עז %30 מוצרי חלב,₪ 30.00,גבינת,30.0
גבינת שמנת יעקבס מהדרין מוצרי חלב,₪ 28.00,גבינת,28.0
גבינת שמנת כפר תבור %30 מוצרי חלב,₪ 30.80,גבינת,30.8
גבינת שמנת כפר תבור זיתים מוצרי חלב,₪ 31.00,גבינת,31.0
גבינת שמנת כפר תבור שום שמיר מוצרי חלב,₪ 31.00,גבינת,31.0
גבינת שמנת פילדלפיה 1.65 קג מוצרי חלב,₪ 78.00,גבינת,78.0
גורגונזולה דולצה POD מוצרי חלב,₪ 90.00,גורגונזולה,90.0
גלגל גרוזינסקי מוצרי חלב,₪ 44.00,גלגל,44.0
גראנה פאדנה משולש 150 גרם מוצרי חלב,₪ 15.00,גראנה,15.0
גרוויר ריזרב משולש שקיל מוצרי חלב,₪ 125.00,גרוויר,125.0
דנאבלו 100 גרם כשר חלב ישראל מוצרי חלב,₪ 11.00,דנאבלו,11.0
דנאבלו גלגל RODNARG מוצרי חלב,₪ 70.00,דנאבלו,70.0
דנאבלו גלגל כשר חלב ישראל מוצרי חלב,₪ 70.00,דנאבלו,70.0
דנאבלו גלגל שטוח עטיפה זהב שקיל מוצרי חלב,₪ 70.00,דנאבלו,70.0
המאירי ברינזה בולגרית מוצרי חלב,₪ 110.00,המאירי,110.0
זרעי שומר 1 קג מוצרי חלב,₪ 26.00,זרעי,26.0
חומץ בלסמי מצומצם 250 מל דיפלומט מוצרי חלב,₪ 20.00,חומץ,20.0
חלב מרוכז ממותק 397 גרם ויליפוד מוצרי חלב,₪ 9.00,חלב,9.0
חלומי גלובל מטאורי מוצרי חלב,₪ 59.00,חלומי,59.0
חלומי געש מוצרי חלב,₪ 52.00,חלומי,52.0
חלומי עז הרים מוצרי חלב,₪ 60.00,חלומי,60.0
חמאה 200 גרם טרה מוצרי חלב,₪ 8.85,חמאה,8.85
חמאה %82 בלוק 10 קג מוצרי חלב,₪ 26.00,חמאה,26.0
חמאה %82 בלוק 10 קג לא כשר מוצרי חלב,₪ 26.00,חמאה,26.0
חמאה %82 בלוק 10 קג מהדרין מוצרי חלב,₪ 26.00,חמאה,26.0
חמאה לבנה תנובה 25 קג מוצרי חלב,₪ 41.00,חמאה,41.0
חמאה ליטא 25 קג מוצרי חלב,₪ 38.00,חמאה,38.0
חמאה מנות טרה 192 יחידות מוצרי חלב,₪ 170.00,חמאה,170.0
חמאה מנות לורפק 120 יחידות מוצרי חלב,₪ 64.00,חמאה,64.0
חמאה מנות תנובה 216 יחידות מוצרי חלב,₪ 220.00,חמאה,220.0
חמאה מרודדת %84 כפר תבור מוצרי חלב,₪ 50.00,חמאה,50.0
חמאה מרודדת %84 כפר תבור מהדרין מוצרי חלב,₪ 55.00,חמאה,55.0
חמאה מרודדת בלגית ייבוא מוצרי חלב,₪ 45.00,חמאה,45.0
חמאה מרודדת מהדרין %82 מוצרי חלב,₪ 36.00,חמאה,36.0
חמאה מרודדת פלשרד מוצרי חלב,₪ 52.00,חמאה,52.0
חמאה עלמה 2 קג מהדרין מוצרי חלב,₪ 100.00,חמאה,100.0
חמאה עלמה 25 קג מהדרין מוצרי חלב,₪ 41.65,חמאה,41.65
חמאה פלטות מהדרין %82 מוצרי חלב,₪ 36.00,חמאה,36.0
חמאה צהובה 500 גרם מהדרין מוצרי חלב,₪ 17.00,חמאה,17.0
חמאה צהובה 500 גרם מוצרי חלב,₪ 16.00,חמאה,16.0
חמאה צרפתית פלאשרד 1 קג מוצרי חלב,₪ 56.00,חמאה,56.0
חמאה שום שמיר רובין מוצרי חלב,₪ 46.00,חמאה,46.0
חמד %5 לייט תנובה 250 גרם מוצרי חלב,₪ 18.00,חמד,18.0
טבורוג %16 געש מוצרי חלב,₪ 27.00,טבורוג,27.0
טבורוג %9 מהדרין טבע עז מוצרי חלב,₪ 28.90,טבורוג,28.9
טבעונית מגורדת לפיצה ואפייה 1 קג מוצרי חלב,₪ 42.00,טבעונית,42.0
טוב טעם %3 250 גרם מוצרי חלב,₪ 12.50,טוב,12.5
טופו אלטרנטיב 300 גרם מוצרי חלב,₪ 12.00,טופו,12.0
טופו ויילר 300 גרם מוצרי חלב,₪ 12.60,טופו,12.6
יוגורט עיזים חלב הארץ 750 מל מוצרי חלב,₪ 16.50,יוגורט,16.5
כדורי לאבנה מוצרי חלב,₪ 42.00,כדורי,42.0
כדורי לאבנה בקר ללא שמן גדודנא מוצרי חלב,₪ 42.00,כדורי,42.0
כדורי לאבנה בשמן זית 1.2 קג מוצרי חלב,₪ 90.00,כדורי,90.0
כדורי לאבנה בשמן זית גדודנא בעמ מוצרי חלב,₪ 70.00,כדורי,70.0
כדורי מוצרלה בייבי 250 גרם געש מוצרי חלב,₪ 16.50,כדורי,16.5
כדורי מוצרלה בייבי געש מוצרי חלב,₪ 47.25,כדורי,47.25
כדורי מוצרלה בייבי עברי מוצרי חלב,₪ 48.00,כדורי,48.0
כדורי מוצרלה במים געש מוצרי חלב,₪ 46.30,כדורי,46.3
כדורי מוצרלה במים עברי מוצרי חלב,₪ 49.00,כדורי,49.0
כדורי מוצרלה לחים עברי מוצרי חלב,₪ 47.00,כדורי,47.0
לאבנה %5 ראמה מוצרי חלב,₪ 25.00,לאבנה,25.0
לאבנה 9 % ראמה מוצרי חלב,₪ 26.00,לאבנה,26.0
לאבנה %9 שטראוס 500 גרם מוצרי חלב,₪ 14.20,לאבנה,14.2
לאבנה אסלי %9 גדודנא מהדרין מוצרי חלב,₪ 26.00,לאבנה,26.0
לואיזה עברי עגבנית חתוך מוצרי חלב,₪ 100.00,לואיזה,100.0
מהעז %20 גליל 180 גרם מוצרי חלב,₪ 21.00,מהעז,21.0
מוצרלה בלוק עברי מוצרי חלב,₪ 51.00,מוצרלה,51.0
מוצרלה מגורדת יורוציז מוצרי חלב,₪ 36.00,מוצרלה,36.0
מוצרלה מגורדת %100 ייבוא מוצרי חלב,₪ 36.00,מוצרלה,36.0
מוצרלה מגורדת 500 גרם עברי מוצרי חלב,₪ 19.00,מוצרלה,19.0
מוצרלה מגורדת געש מוצרי חלב,₪ 41.50,מוצרלה,41.5
מוצרלה מגורדת עברי מוצרי חלב,₪ 47.00,מוצרלה,47.0
מוצרלה קשיו טבעוני 1 קג מוצרי חלב,₪ 55.00,מוצרלה,55.0
מטבעות עיזים 1 קג מוצרי חלב,₪ 84.00,מטבעות,84.0
מיקס איטלקי לפיצה מוצרי חלב,₪ 37.00,מיקס,37.0
מנצגו איבריקו קשקבל ספרדי מוצרי חלב,₪ 90.00,מנצגו,90.0
מנצגו איבריקו שחור חלב ישראל מוצרי חלב,₪ 76.00,מנצגו,76.0
מנצגו כבשים ויליפוד כשר מוצרי חלב,₪ 90.00,מנצגו,90.0
מנצגו כבשים ספרדי AGEV מוצרי חלב,₪ 90.00,מנצגו,90.0
מנצגו כמהין מוצרי מוצרי חלב,₪ 100.00,מנצגו,100.0
מנצגו כמהין ספרדי יורוציז מוצרי חלב,₪ 125.00,מנצגו,125.0
מנצגו ספרדי שחור לא כשר מוצרי חלב,₪ 72.00,מנצגו,72.0
מנצגו עברי מוצרי חלב,₪ 90.00,מנצגו,90.0
מנצגו רוזמרין כשר מוצרי חלב,₪ 75.00,מנצגו,75.0
מנצגו עברי צילי חתוך מוצרי חלב,₪ 83.00,מנצגו,83.0
מסקרפונה איטלקי 500 גרם מוצרי חלב,₪ 34.00,מסקרפונה,34.0
מסקרפונה געש 2 קג מוצרי חלב,₪ 76.00,מסקרפונה,76.0
מסקרפונה כפר תבור 2 קג מוצרי חלב,₪ 90.90,מסקרפונה,90.9
מסקרפונה עברי 1.5 קג מוצרי חלב,₪ 75.00,מסקרפונה,75.0
מרגרינה בטעם חמאה 200 גרם פוליבה מוצרי חלב,₪ 3.30,מרגרינה,3.3
סולוגוני 300 גרם עברי מוצרי חלב,₪ 20.00,סולוגוני,20.0
סטרציאטלה מוצרי חלב,₪ 55.00,סטרציאטלה,55.0
סנט מור פחם דותן שקיל מוצרי חלב,₪ 90.00,סנט,90.0
סקי %5 500 גרם מוצרי חלב,₪ 8.50,סקי,8.5
סקי %5 750 גרם מוצרי חלב,₪ 15.00,סקי,15.0
עלי גפן מוסדי 96 יחידות מוצרי חלב,₪ 115.00,עלי,115.0
עלי סיגר 500 גרם מוצרי חלב,₪ 13.00,עלי,13.0
פטה ארלה חלב ישראל מוצרי חלב,₪ 25.00,פטה,25.0
פטה דניש אמבורג מוצרי חלב,₪ 26.50,פטה,26.5
פטה דניש כשר מוצרי חלב,₪ 28.00,פטה,28.0
פטה זורבה 4 קג מוצרי חלב,₪ 25.00,פטה,25.0
פטה כבשים עברי מוצרי חלב,₪ 63.60,פטה,63.6
פטה עיזים בדלי 4 קג מוצרי חלב,₪ 71.03,פטה,71.03
פטה פלשרד קרטונית 500 גרם מוצרי חלב,₪ 14.00,פטה,14.0
פטה קומבי 500 גרם מוצרי חלב,₪ 14.00,פטה,14.0
פלפל שחור גרוס 1 קג מוצרי חלב,₪ 48.00,פלפל,48.0
פקורה עגבניות מיובשות מוצרי חלב,₪ 83.00,פקורה,83.0
פקורינו טבע עז חתוך מוצרי חלב,₪ 90.00,פקורינו,90.0
פקורינו עברי מהדרין מוצרי חלב,₪ 92.00,פקורינו,92.0
פקורינו עשבי תיבול חתוך מוצרי חלב,₪ 85.00,פקורינו,85.0
פקורינו פלפל עברי מוצרי חלב,₪ 90.00,פקורינו,90.0
פקורינו רומנו איטלקי מוצרי חלב,₪ 110.00,פקורינו,110.0
פקורינו רומנו גידטי מוצרי חלב,₪ 110.00,פקורינו,110.0
פרומעז גליל 200 גרם מוצרי חלב,₪ 24.00,פרומעז,24.0
פרימיירה ברי כבשים מוצרי חלב,₪ 75.00,פרימיירה,75.0
פרמזן איטלקי OREIBLA NARG מוצרי חלב,₪ 78.00,פרמזן,78.0
פרמזן גראנה פאדנה גלגל מוצרי חלב,₪ 85.00,פרמזן,85.0
פרמזן גראנה פדנו מהדרין מוצרי חלב,₪ 85.00,פרמזן,85.0
פרמזן כשר ויליפוד מוצרי חלב,₪ 75.00,פרמזן,75.0
פרמזן כשר מהדרין מוצרי חלב,₪ 78.00,פרמזן,78.0
פרמזן מגורד 1 קג מוצרי חלב,₪ 65.00,פרמזן,65.0
פרמזן מגורד 2 קג כפר תבור מוצרי חלב,₪ 65.00,פרמזן,65.0
פרמזן מגורד 500 גרם מהדרין מוצרי חלב,₪ 38.00,פרמזן,38.0
פרמזן מגורד AIVAROM NARG מוצרי חלב,₪ 82.00,פרמזן,82.0
פרמזן מגורד כפריה 1 קג מוצרי חלב,₪ 62.00,פרמזן,62.0
פרמזן משולש 200 גרם יורוציז מוצרי חלב,₪ 20.00,פרמזן,20.0
פרמזן משולש גרנה פדנו 150 גרם מוצרי חלב,₪ 20.00,פרמזן,20.0
פרמזן שבבים 1 קג מוצרי חלב,₪ 70.00,פרמזן,70.0
פרמזנו משולש 200 גרם מוצרי חלב,₪ 21.00,פרמזנו,21.0
ציידר אמריקאי מקורי בלוק מוצרי חלב,₪ 42.00,ציידר,42.0
ציידר בלוק אורגינל מוצרי מוצרי חלב,₪ 45.00,ציידר,45.0
ציידר כתום כשר בלוק מוצרי חלב,₪ 35.00,ציידר,35.0
ציידר מגורד טבעוני 150 גרם מוצרי חלב,₪ 20.00,ציידר,20.0
ציידר פרוס 1.033 בורגר מוצרי מוצרי חלב,₪ 38.00,ציידר,38.0
ציידר פרוס 1.033 קג יורוציז מוצרי חלב,₪ 38.00,ציידר,38.0
ציידר פרוס טבעוני 200 גרם מוצרי חלב,₪ 20.00,ציידר,20.0
צהובה גאודה מגורדת געש מוצרי חלב,₪ 36.00,צהובה,36.0
צהובה גאודה מגורדת יורוציז מוצרי חלב,₪ 35.00,צהובה,35.0
צהובה גאודה פרוס 400 גרם מוצרי חלב,₪ 18.00,צהובה,18.0
צהובה מגורדת פתיתים תנובה מוצרי חלב,₪ 33.98,צהובה,33.98
צהובה מגורדת ריץ מוצרי חלב,₪ 36.00,צהובה,36.0
צהובה פרוס עמק 400 גרם מוצרי חלב,₪ 22.00,צהובה,22.0
צמת מוצרלה מוצרי חלב,₪ 42.00,צמת,42.0
צמת מוצרלה 200 גרם מוצרי חלב,₪ 18.00,צמת,18.0
קוטג תנובה 2 קג מוצרי חלב,₪ 40.00,קוטג,40.0
קוטג טרה 2 קג מוצרי חלב,₪ 44.00,קוטג,44.0
קטשופ מוסדי וולפק היינץ 15 קג מוצרי חלב,₪ 210.00,קטשופ,210.0
קממבר 125 גרם יורוציז מוצרי חלב,₪ 17.00,קממבר,17.0
קממבר בקר שלם טבע עז מוצרי חלב,₪ 68.20,קממבר,68.2
קממבר בקר שלם עם אגוזים מוצרי חלב,₪ 80.00,קממבר,80.0
קממבר יעקבס מדף שקיל מוצרי חלב,₪ 120.00,קממבר,120.0
קממבר יעקבס שקיל מוצרי חלב,₪ 75.00,קממבר,75.0
קרם פרש געש %42 מוצרי חלב,₪ 35.00,קרם,35.0
קרם ציז 1.36 גלוז מוצרי חלב,₪ 60.00,קרם,60.0
קרם ציז 1.36 קג מוצרי חלב,₪ 59.00,קרם,59.0
קשקבל כבשים עברי מוצרי חלב,₪ 72.00,קשקבל,72.0
רוטב צילי מתוק 4.3 ליטר אימפורט מוצרי חלב,₪ 65.00,רוטב,65.0
רוטרדם מיושנת חצי גלגל מוצרי חלב,₪ 75.00,רוטרדם,75.0
ריקוטה געש 2 קג מוצרי חלב,₪ 44.00,ריקוטה,44.0
ריקוטה יעקבס 2 קג מוצרי חלב,₪ 48.00,ריקוטה,48.0
ריקוטה לתעשייה געש מוצרי חלב,₪ 22.00,ריקוטה,22.0
ריקוטה עברי 1.7 קג מוצרי חלב,₪ 50.00,ריקוטה,50.0
ריקוטה פרסקה כפר תבור מוצרי חלב,₪ 38.90,ריקוטה,38.9
רסטה מוצרלה 150 גרם מוצרי חלב,₪ 16.00,רסטה,16.0
רסטה מוצרלה 200 גרם מוצרי חלב,₪ 18.00,רסטה,18.0
רקלט בקר שלם מוצרי חלב,₪ 90.00,רקלט,90.0
שמן כמהין 250 מל OSSAB מוצרי חלב,₪ 32.00,שמן,32.0
שמנת לבישול %15 500 מל מחלבות הגולן מוצרי חלב,₪ 15.00,שמנת,15.0
שמנת מתוקה %42 גלון 5 ליטר בר בכפר מוצרי חלב,₪ 117.50,שמנת,117.5
שמנת מתוקה %42 טרה 2 ליטר מוצרי חלב,₪ 49.00,שמנת,49.0
שמנת מתוקה %42 מחלבות הגולן 1 ליטר מוצרי חלב,₪ 26.40,שמנת,26.4
שמרים טריים 50 גרם מוצרי חלב,₪ 3.25,שמרים,3.25
שקד טבעי אמריקאי גדול 22.68 קג מוצרי חלב,₪ 50.00,שקד,50.0
תערובת לפיצה כפר תבור מוצרי חלב,₪ 36.00,תערובת,36.0
אייס קפה 350 מל יוטבתה מוצרי ניגרת,₪ 5.50,אייס,5.5
אלפרו בריסטה סויה מוצרי ניגרת,₪ 11.00,אלפרו,11.0
אלפרו בריסטה שבולת שועל מוצרי ניגרת,₪ 10.00,אלפרו,10.0
אלפרו בריסטה שקדים מוצרי ניגרת,₪ 11.00,אלפרו,11.0
אלפרו סויה ללא סוכר 1 ליטר מוצרי ניגרת,₪ 10.00,אלפרו,10.0
חלב בקרטון %1 מוצרי ניגרת,₪ 5.80,חלב,5.8
חלב בקרטון %3 טרה מוצרי ניגרת,₪ 6.30,חלב,6.3
חלב בקרטון %3 רמהג מוצרי ניגרת,₪ 6.00,חלב,6.0
חלב בקרטון %3 תנובה מוצרי ניגרת,₪ 6.30,חלב,6.3
חלב בקרטון %3 תנובה 1.5 ליטר מוצרי ניגרת,₪ 9.00,חלב,9.0
חלב בקרטון %4 מועשר רמהג מוצרי ניגרת,₪ 7.00,חלב,7.0
חמאה 200 גרם עלמה מוצרי ניגרת,₪ 10.63,חמאה,10.63
חמאה 200 גרם תנובה מוצרי ניגרת,₪ 8.85,חמאה,8.85
חמאה אירית 25 קג מוצרי ניגרת,₪ 42.00,חמאה,42.0
חמאה ואליו 25 קג מהדרין מוצרי ניגרת,₪ 38.00,חמאה,38.0
חמאה מרודדת פוליבה UO מוצרי ניגרת,₪ 52.00,חמאה,52.0
חמאה פינלנדית 10 קג מוצרי ניגרת,₪ 39.00,חמאה,39.0
יוגורט 3 ליטר כפר תבור מוצרי ניגרת,₪ 28.00,יוגורט,28.0
יוגורט %4 טרה כד 3 ליטר מהדרין מוצרי ניגרת,₪ 28.00,יוגורט,28.0
יוגורט יווני %10 שומן 1 קג מוצרי ניגרת,₪ 21.75,יוגורט,21.75
יוגורט כד 1.5 ליטר תנובה מוצרי ניגרת,₪ 16.00,יוגורט,16.0
יוגורט כד 3 ליטר תנובה מוצרי ניגרת,₪ 27.85,יוגורט,27.85
יוגורט עז הרים 2.7 ליטר מוצרי ניגרת,₪ 27.00,יוגורט,27.0
משקה אורז אורגני שקדים 1 ליטר מוצרי ניגרת,₪ 10.00,משקה,10.0
משקה ויטאריז שקדים ואורז מוצרי ניגרת,₪ 11.20,משקה,11.2
משקה יטבתה פרו קפה 350 מל מוצרי ניגרת,₪ 5.85,משקה,5.85
משקה סויה אורגני 1 ליטר HGDIRB מוצרי ניגרת,₪ 9.50,משקה,9.5
משקה סויה בריסטה EURTAN מוצרי ניגרת,₪ 9.50,משקה,9.5
משקה סויה לייט תנובה מוצרי ניגרת,₪ 9.00,משקה,9.0
משקה סויה תנובה EVITANRETLA מוצרי ניגרת,₪ 10.00,משקה,10.0
משקה שיבולת שועל 1 ליטר HGDIRB מוצרי ניגרת,₪ 9.50,משקה,9.5
משקה שיבולת שועל בריסטה EURTAN מוצרי ניגרת,₪ 9.50,משקה,9.5
נוזל קוקוס 1 ליטר מוצרי ניגרת,₪ 15.00,נוזל,15.0
קרם פרש 850 גרם יעקבס מוצרי ניגרת,₪ 42.00,קרם,42.0
ריוויון קרטון %1.5 שומן מוצרי ניגרת,₪ 11.00,ריוויון,11.0
שוקו פקק 250 מל מוצרי ניגרת,₪ 4.70,שוקו,4.7
שמנת של פעם %27 מוצרי ניגרת,₪ 4.00,שמנת,4.0
שמנת חמוצה %15 יוטבתה 200 גרם מוצרי ניגרת,₪ 2.65,שמנת,2.65
שמנת חמוצה 2 קג געש מוצרי ניגרת,₪ 28.50,שמנת,28.5
שמנת חמוצה 200 גרם טרה מוצרי ניגרת,₪ 2.65,שמנת,2.65
שמנת חמוצה 200 גרם תנובה מוצרי ניגרת,₪ 2.60,שמנת,2.6
שמנת חמוצה עברי 3 קג מוצרי ניגרת,₪ 41.00,שמנת,41.0
שמנת לבישול %15 250 מל מחלבות הגולן מוצרי ניגרת,₪ 7.75,שמנת,7.75
שמנת לבישול %15 יוטבתה 250 מל מוצרי ניגרת,₪ 7.60,שמנת,7.6
שמנת להקצפה תנובה %38 500 מל מוצרי ניגרת,₪ 12.90,שמנת,12.9
שמנת להקצפה תנובה %38 250 מל מוצרי ניגרת,₪ 6.45,שמנת,6.45
שמנת מתוקה %42 געש גלון 5 ליטר מוצרי ניגרת,₪ 112.00,שמנת,112.0
שמנת מתוקה %42 יוטבתה 2 ליטר מוצרי ניגרת,₪ 45.00,שמנת,45.0
שמנת מתוקה %42 תנובה 4 ליטר מוצרי ניגרת,₪ 94.00,שמנת,94.0
שמנת מתוקה עמידה ייבוא 1 ליטר מוצרי ניגרת,₪ 18.00,שמנת,18.0
שמרים לחים מוצרי ניגרת,₪ 9.90,שמרים,9.9
אשכולית אדומה 2 ליטר מיצים ורכזים,₪ 14.00,אשכולית,14.0
בירה ארגז-24 חיטה מיצים ורכזים,₪ 192.00,בירה,192.0
גלידה סורבה לימונענע 5 ליטר מיצים ורכזים,₪ 90.00,גלידה,90.0
לימונדה גלון 2 ליטר מיצים ורכזים,₪ 10.00,לימונדה,10.0
מיץ לימון יכין 1 ליטר כשלפ מיצים ורכזים,₪ 5.00,מיץ,5.0
מיץ לימון יכין גלון 4 ליטר מיצים ורכזים,₪ 17.00,מיץ,17.0
מיץ לימון סחוט 2 ליטר סחוטים מיצים ורכזים,₪ 25.00,מיץ,25.0
מיץ לימון תמרה גלון 4 ליטר מיצים ורכזים,₪ 17.00,מיץ,17.0
מיץ רימונים %100 קפוא 1 ליטר מיצים ורכזים,₪ 30.00,מיץ,30.0
מיץ רימונים %100 תומר 1 ליטר מיצים ורכזים,₪ 19.50,מיץ,19.5
סיידר תפוחי עץ מרוכז 1.2 ליטר מיצים ורכזים,₪ 39.00,סיידר,39.0
רכז לימונדה 2 ליטר מיצים ורכזים,₪ 38.50,רכז,38.5
רכז רימונים 1 ליטר dd-nasrutan מיצים ורכזים,₪ 30.00,רכז,30.0
רכז רימונים 750 מל מיצים ורכזים,₪ 28.00,רכז,28.0
רכז תפוזים 2 ליטר מיצים ורכזים,₪ 40.00,רכז,40.0
תפוזים סחוט %100 פריגת 2 ליטר מיצים ורכזים,₪ 28.00,תפוזים,28.0
תפוזים סחוטים גלון 2 ליטר מיצים ורכזים,₪ 14.00,תפוזים,14.0
תפוזים פרימור %100 סחוט 1 ליטר מיצים ורכזים,₪ 14.35,תפוזים,14.35
חומוס אחלה 1 קג סלטים,₪ 13.00,חומוס,13.0
חומוס אחלה 750 גרם סלטים,₪ 10.00,חומוס,10.0
חומוס שמיר 3 קג סלטים,₪ 32.00,חומוס,32.0
סחוג זהבי 3 קג סלטים,₪ 59.00,סחוג,59.0
סלט גזר מזרחי 4 קג סלטים,₪ 50.00,סלט,50.0
סלט חציל במיונז שמיר 3 קג סלטים,₪ 45.00,סלט,45.0
סלט טורקי 3 קג סלטים,₪ 65.00,סלט,65.0
סלט טורקי 400 גרם סלטים,₪ 12.00,סלט,12.0
סלט כרוב אדום 400 גרם סלטים,₪ 11.00,סלט,11.0
סלט כרוב אדום 500 גרם סלטים,₪ 13.00,סלט,13.0
סלט כרוב אדום 650 גרם סלטים,₪ 14.00,סלט,14.0
סלט מטבוחה 4 קג סלטים,₪ 60.00,סלט,60.0
אוכמניות כחולות שקית 2 קג פירות קפואים,₪ 65.00,אוכמניות,65.0
אוכמניות שחורות שקית 2 קג פירות קפואים,₪ 60.00,אוכמניות,60.0
אננס שקית 2 קג פירות קפואים,₪ 53.00,אננס,53.0
אסאי שקית 400 גרם פירות קפואים,₪ 23.40,אסאי,23.4
אפרסק שקית 2 קג פירות קפואים,₪ 29.91,אפרסק,29.91
בננה שקית 2 קג פירות קפואים,₪ 33.23,בננה,33.23
דובדבן שקית 2 קג פירות קפואים,₪ 75.00,דובדבן,75.0
ליצי שקית 2 קג פירות קפואים,₪ 65.00,ליצי,65.0
מיקס פירות יער 2 קג פירות קפואים,₪ 56.00,מיקס,56.0
מלון שקית 2 קג פירות קפואים,₪ 29.00,מלון,29.0
מנגו שקית 2 קג פירות קפואים,₪ 40.00,מנגו,40.0
פטל אדום שקית 2 קג פירות קפואים,₪ 92.00,פטל,92.0
פטל שחור שקית 2 קג פירות קפואים,₪ 67.00,פטל,67.0
פסיפלורה שקית 2 קג פירות קפואים,₪ 60.00,פסיפלורה,60.0
קוקוס קפוא 2 קג פירות קפואים,₪ 45.00,קוקוס,45.0
קיווי קפוא שקית 2 קג פירות קפואים,₪ 50.00,קיווי,50.0
תאנים קפואים 2 קג פירות קפואים,₪ 42.00,תאנים,42.0
תות שדה שקית 2 קג פירות קפואים,₪ 32.00,תות,32.0
תמר קפוא שקית 2 קג פירות קפואים,₪ 50.00,תמר,50.0
אטריות אורז ליון 5 ממ 454 גרם דיפלומט פסטות ורביולי,₪ 9.90,אטריות,9.9
אטריות אורז למרק תומר 5 קג פסטות ורביולי,₪ 50.00,אטריות,50.0
דפי לזניה רומו 500 גרם פסטות ורביולי,₪ 18.00,דפי,18.0
ניוקי טריו פרווה 250 גרם פסטות ורביולי,₪ 7.50,ניוקי,7.5
ניוקי תפוא 1 קג סורגיטל פסטות ורביולי,₪ 30.00,ניוקי,30.0
ניוקי תפוא 500 גרם ייבוא פסטות ורביולי,₪ 7.00,ניוקי,7.0
ניוקי תפוח אדמה 250 גרם פסטות ורביולי,₪ 7.00,ניוקי,7.0
פטוציני טבעי 5 מנות פסטות ורביולי,₪ 25.00,פטוציני,25.0
פטוציני טריו 5 מנות פסטות ורביולי,₪ 28.00,פטוציני,28.0
פנה ביצים פרווה 170 גרם פסטות ורביולי,₪ 5.50,פנה,5.5
פנה ביצים פרווה מנה 250 גרם פסטות ורביולי,₪ 6.75,פנה,6.75
פסטה חונקי כמרים 3 קג פסטות ורביולי,₪ 27.00,פסטה,27.0
פסטה חונקי תמרים מקמח כוסמין 500 גרם פסטות ורביולי,₪ 10.00,פסטה,10.0
פסטה לינגוויני ארמנדו 3 קג פסטות ורביולי,₪ 28.00,פסטה,28.0
פסטה לינגוויני ארמנדו 500 גרם פסטות ורביולי,₪ 7.25,פסטה,7.25
פסטה ספגטי )19( רגיה 5 קג פסטות ורביולי,₪ 44.00,פסטה,44.0
פסטה ספגטי )19( רגיה 500 גרם פסטות ורביולי,₪ 8.00,פסטה,8.0
פסטה ספגטי )20( רגיה 500 גרם פסטות ורביולי,₪ 8.00,פסטה,8.0
פסטה ספגטי 500 גרם ארמנדו פסטות ורביולי,₪ 8.00,פסטה,8.0
פסטה ספגטי ללא גלוטן 250 גרם פסטות ורביולי,₪ 10.00,פסטה,10.0
פסטה ספגטי ללא גלוטן 400 גרם פסטות ורביולי,₪ 11.00,פסטה,11.0
פסטה ספגטי קנור 10 קג פסטות ורביולי,₪ 92.00,פסטה,92.0
פסטה פוזילי 3 קג פסטות ורביולי,₪ 27.60,פסטה,27.6
פסטה פוזילי רגיה 5 קג פסטות ורביולי,₪ 45.00,פסטה,45.0
פסטה פוזילי רגיה 500 גרם פסטות ורביולי,₪ 5.00,פסטה,5.0
פסטה פטוציני ללא גלוטן 250 גרם פסטות ורביולי,₪ 10.00,פסטה,10.0
פסטה פנה ללא גלוטן 250 מל פסטות ורביולי,₪ 9.50,פסטה,9.5
פסטה פנה מוסדי 3 קג פסטות ורביולי,₪ 28.00,פסטה,28.0
פסטה פנה מקמח כוסמין מלא 500 גרם פסטות ורביולי,₪ 10.00,פסטה,10.0
פסטה פנה רגיה 5 קג פסטות ורביולי,₪ 45.00,פסטה,45.0
פסטה פנה ריגטה קנור 10 קג פסטות ורביולי,₪ 92.00,פסטה,92.0
פסטה רומו לינגוינה 500 גרם פסטות ורביולי,₪ 9.00,פסטה,9.0
פסטה רומו ספגטי 500 גרם פסטות ורביולי,₪ 9.00,פסטה,9.0
פסטה רומו פנה 500 גרם פסטות ורביולי,₪ 10.00,פסטה,10.0
פסטה רומו פנה ללא גלוטן 400 גרם פסטות ורביולי,₪ 14.00,פסטה,14.0
פסטה רומו פנה ריגטה 3 קג פסטות ורביולי,₪ 48.00,פסטה,48.0
פסטה רומו פפרדלה 500 גרם פסטות ורביולי,₪ 13.00,פסטה,13.0
פסטה רומו פפרדלה ביצים 250 גרם פסטות ורביולי,₪ 15.00,פסטה,15.0
פסטה רומו קזארצה 500 גרם פסטות ורביולי,₪ 9.00,פסטה,9.0
פסטה רומו רדיאטורי 500 גרם פסטות ורביולי,₪ 9.00,פסטה,9.0
פסטה רומו ריגטה קונקילי 500 גרם פסטות ורביולי,₪ 9.00,פסטה,9.0
פסטה רומו ריציולי 500 גרם פסטות ורביולי,₪ 9.00,פסטה,9.0
פפרדלה 5 מנות פסטות ורביולי,₪ 25.00,פפרדלה,25.0
רביולי בטטה 200 גרם פסטות ורביולי,₪ 7.00,רביולי,7.0
רביולי בטטה פרווה 1 קג פסטות ורביולי,₪ 35.00,רביולי,35.0
רביולי גבינה 200 גרם פסטות ורביולי,₪ 7.00,רביולי,7.0
רביולי ערמונים 200 גרם פסטות ורביולי,₪ 7.60,רביולי,7.6
רביולי ערמונים 250 גרם פסטות ורביולי,₪ 9.50,רביולי,9.5
רביולי פטריות חלבי 200 גרם פסטות ורביולי,₪ 7.60,רביולי,7.6
רביולי פטריות פרווה 1 קג פסטות ורביולי,₪ 38.00,רביולי,38.0
רביולי תרד חלבי 200 גרם פסטות ורביולי,₪ 7.60,רביולי,7.6
מחית עגבניות 680 גרם ACISSALC קמחים ורטבים לפיצה,₪ 10.50,מחית,10.5
מחית עגבניות אורגניות 680 גרם קמחים ורטבים לפיצה,₪ 12.00,מחית,12.0
עגבניות אוטנטיקה ציאו 4.1 קג קמחים ורטבים לפיצה,₪ 60.00,עגבניות,60.0
עגבניות מיובשות 2.4 קג ICERG קמחים ורטבים לפיצה,₪ 148.00,עגבניות,148.0
עגבניות מקולפות סן מרזנו 400 גרם קמחים ורטבים לפיצה,₪ 16.00,עגבניות,16.0
עגבניות מקולפות סן מרזנו 800 גרם קמחים ורטבים לפיצה,₪ 30.00,עגבניות,30.0
עגבניות מרוסקות 4 קג OSSOR קמחים ורטבים לפיצה,₪ 42.00,עגבניות,42.0
עגבניות מרוסקות רוסו 10 קג קמחים ורטבים לפיצה,₪ 92.00,עגבניות,92.0
עגבניות פולפה לה פסטה 2.55 קג קמחים ורטבים לפיצה,₪ 25.00,עגבניות,25.0
עגבניות פולפה מרוסקת ציריו 3X400 גרם קמחים ורטבים לפיצה,₪ 19.50,עגבניות,19.5
עגבניות פולפה פיין 10 קג ICERG מהדרין קמחים ורטבים לפיצה,₪ 90.22,עגבניות,90.22
עגבניות פולפה פיין 4.05 קג ICERG קמחים ורטבים לפיצה,₪ 40.00,עגבניות,40.0
עגבניות שלמות מירלה 2.55 קג קמחים ורטבים לפיצה,₪ 25.00,עגבניות,25.0
עגבניות שלמות סן מרזנו 2.5 קג קמחים ורטבים לפיצה,₪ 57.00,עגבניות,57.0
עגבניות שלמות 2.55 קג OAIC קמחים ורטבים לפיצה,₪ 30.00,עגבניות,30.0
עגבניות שלמות מקולפות ACIS כהן קמחים ורטבים לפיצה,₪ 25.00,עגבניות,25.0
עגבניות שלמות ציריו 400 גרם קמחים ורטבים לפיצה,₪ 10.00,עגבניות,10.0
עגבניות שלמות רוסו 2.55 קג קמחים ורטבים לפיצה,₪ 26.50,עגבניות,26.5
פסטה ניוקי ללא גלוטן 250 גרם קמחים ורטבים לפיצה,₪ 10.00,פסטה,10.0
פסטה רומו פוזילי 500 גרם קמחים ורטבים לפיצה,₪ 9.00,פסטה,9.0
קוביות עגבניות 2.5 קג ACIS קמחים ורטבים לפיצה,₪ 25.00,קוביות,25.0
קוביות עגבניות מקולפות מירלה 2.55 קג קמחים ורטבים לפיצה,₪ 25.00,קוביות,25.0
קטשופ מנות 600 יחידות ENIF קמחים ורטבים לפיצה,₪ 100.00,קטשופ,100.0
קמח חיטה רך 5 קג ALIOV קמחים ורטבים לפיצה,₪ 45.00,קמח,45.0
קמח חיטה רך 5 קג ACISSALC קמחים ורטבים לפיצה,₪ 41.00,קמח,41.0
קמח חיטה רך 5 קג REPUS קמחים ורטבים לפיצה,₪ 45.00,קמח,45.0
קמח חיטה רך 5 קג ECAVIV קמחים ורטבים לפיצה,₪ 40.00,קמח,40.0
קמח כרגיל למאפים 500 גרם קמחים ורטבים לפיצה,₪ 16.50,קמח,16.5
קמח לבן המפרץ 1 קג קמחים ורטבים לפיצה,₪ 4.20,קמח,4.2
קמח סמולינה דורום 1 קג קמחים ורטבים לפיצה,₪ 12.00,קמח,12.0
קמח פיצה 5 קג 3ZP קמחים ורטבים לפיצה,₪ 44.00,קמח,44.0
קמח פיצה 5 קג 4ZP קמחים ורטבים לפיצה,₪ 45.00,קמח,45.0
קמח פיצה פוקצה סוגת 1 קג קמחים ורטבים לפיצה,₪ 6.20,קמח,6.2
קמח קאפוטו AIRA שק 5 קג קמחים ורטבים לפיצה,₪ 70.00,קמח,70.0
קמח קאפוטו אקסטרה לכל מטרה 1 קג קמחים ורטבים לפיצה,₪ 13.00,קמח,13.0
קמח קאפוטו טיפו 1 קמחים ורטבים לפיצה,₪ 13.50,קמח,13.5
קמח קאפוטו ללא גלוטן 1 קג קמחים ורטבים לפיצה,₪ 35.00,קמח,35.0
קמח קאפוטו מלא אינטגרל 1 קג קמחים ורטבים לפיצה,₪ 14.00,קמח,14.0
קמח קאפוטו מניטובה 1 קג קמחים ורטבים לפיצה,₪ 15.00,קמח,15.0
קמח קאפוטו מניטובה 5 קג קמחים ורטבים לפיצה,₪ 52.00,קמח,52.0
קמח קאפוטו נובולה 1 קג קמחים ורטבים לפיצה,₪ 14.00,קמח,14.0
קמח קאפוטו נובולה סופר 5 קג קמחים ורטבים לפיצה,₪ 75.00,קמח,75.0
קמח קאפוטו סמולינה 1 קג )צהוב( קמחים ורטבים לפיצה,₪ 13.76,קמח,13.76
קמח קאפוטו סקורוסו אדום 5 קג קמחים ורטבים לפיצה,₪ 48.00,קמח,48.0
קמח קאפוטו פיצה שף אדום 1 קג קמחים ורטבים לפיצה,₪ 13.40,קמח,13.4
קמח קאפוטו פיצרייה 1 קג קמחים ורטבים לפיצה,₪ 13.50,קמח,13.5
קמח קאפוטו פיצרייה 5 קג )כחול( קמחים ורטבים לפיצה,₪ 59.29,קמח,59.29
קמח קאפוטו פסטה פרסקה 1 קג קמחים ורטבים לפיצה,₪ 13.50,קמח,13.5
קמח קלאסיקה 1 קג קמחים ורטבים לפיצה,₪ 8.00,קמח,8.0
קמח שטיבל 1 קג קמחים ורטבים לפיצה,₪ 4.50,קמח,4.5
קמח שטיבל 13 תופח מנופה 1 קג קמחים ורטבים לפיצה,₪ 9.00,קמח,9.0
קמח שטיבל 14 כוסמין מלא מנופה קמחים ורטבים לפיצה,₪ 10.00,קמח,10.0
קמח שטיבל 15 פיצה ופוקצה 1 קג קמחים ורטבים לפיצה,₪ 6.90,קמח,6.9
קמח שטיבל 2 ללחם מנופה קמחים ורטבים לפיצה,₪ 7.80,קמח,7.8
קמח שטיבל 2 מועשר ללחם 1 קג קמחים ורטבים לפיצה,₪ 6.65,קמח,6.65
קמח שטיבל 405 מנופה קמחים ורטבים לפיצה,₪ 6.24,קמח,6.24
קמח שטיבל 440 לפיצה מנופה קמחים ורטבים לפיצה,₪ 9.00,קמח,9.0
קמח שטיבל 650 מנופה קמחים ורטבים לפיצה,₪ 6.90,קמח,6.9
קמח שטיבל 7 שיפון 1 קג קמחים ורטבים לפיצה,₪ 6.70,קמח,6.7
קמח שטיבל 63-T מנופה 1 קג קמחים ורטבים לפיצה,₪ 9.50,קמח,9.5
קמח שטיבל חיטה מלא מנופה 1 קג קמחים ורטבים לפיצה,₪ 10.00,קמח,10.0
קמח שטיבל כוסמין %80 מנופה קמחים ורטבים לפיצה,₪ 10.00,קמח,10.0
קמח שטיבל כוסמין לבן מנופה קמחים ורטבים לפיצה,₪ 10.00,קמח,10.0
קמח שטיבל מניטובה מנופה 1 קג קמחים ורטבים לפיצה,₪ 13.00,קמח,13.0
קמח שטיבל מקמח מלא 1 קג קמחים ורטבים לפיצה,₪ 6.70,קמח,6.7
קמח שטיבל סמולינה מנופה 1 קג קמחים ורטבים לפיצה,₪ 13.00,קמח,13.0
קמח שטיבל רב תכליתי 1 קג קמחים ורטבים לפיצה,₪ 6.70,קמח,6.7
קמח שקדים 250 גרם קמחים ורטבים לפיצה,₪ 22.00,קמח,22.0
רוטב סריראצה חריף 455 מל קמחים ורטבים לפיצה,₪ 19.00,רוטב,19.0
רוטב עגבניות ביוטוני 3 קג קמחים ורטבים לפיצה,₪ 40.00,רוטב,40.0
רוטב עגבניות די פומודורו 690 גרם קמחים ורטבים לפיצה,₪ 9.23,רוטב,9.23
רוטב עגבניות לפסטה 400 גרם קמחים ורטבים לפיצה,₪ 10.00,רוטב,10.0
רוטב עגבניות לפסטה ופיצה 4 ליטר קמחים ורטבים לפיצה,₪ 60.00,רוטב,60.0
רוטב פיצה 4 ליטר )4.3 קג( כהן קמחים ורטבים לפיצה,₪ 58.00,רוטב,58.0
רוטב פיצה 9/A פריניר כשלפ קמחים ורטבים לפיצה,₪ 30.00,רוטב,30.0
רוטב פיצה העדה החרדית 20 קג קמחים ורטבים לפיצה,₪ 140.00,רוטב,140.0
רוטב פיצה יכין מהדרין 2.5 קג קמחים ורטבים לפיצה,₪ 25.00,רוטב,25.0
רוטב פיצה מתובל 4.1 קג ICERG קמחים ורטבים לפיצה,₪ 34.00,רוטב,34.0
רוטב פיצה תמרה 4 ליטר קמחים ורטבים לפיצה,₪ 61.00,רוטב,61.0
רוטב שקשוקה 4.4 קג כהן עדח קמחים ורטבים לפיצה,₪ 75.00,רוטב,75.0
רוטב שקשוקה 5.1 קג קנור קמחים ורטבים לפיצה,₪ 92.00,רוטב,92.0
רכז עגבניות יבנה 2.65 קג קמחים ורטבים לפיצה,₪ 28.00,רכז,28.0
רכז עגבניות יכין 2A קמחים ורטבים לפיצה,₪ 9.00,רכז,9.0
רכז עגבניות ציריו 4X70 גרם קמחים ורטבים לפיצה,₪ 12.00,רכז,12.0
רכז עגבניות רוסו 4.5 קג קמחים ורטבים לפיצה,₪ 80.00,רכז,80.0
תרכיז עגבניות פרי חן 9A קמחים ורטבים לפיצה,₪ 20.00,תרכיז,20.0
אבוקדו גוואקמולי 1 קג פנזה קפואים,₪ 32.00,אבוקדו,32.0
אבוקדו קוואקמולי 1 קג מוצרי קפואים,₪ 32.00,אבוקדו,32.0
אדממה 1 קג קפואים,₪ 15.00,אדממה,15.0
אנטריקוט וילה מרצדס שקיל קפואים,₪ 130.00,אנטריקוט,130.0
אסאדו עגל מוכשר קפואים,₪ 52.00,אסאדו,52.0
אפונה סנפרוסט פרימיום 1 קג קפואים,₪ 12.85,אפונה,12.85
אפונה קפוא 1 קג קפואים,₪ 13.00,אפונה,13.0
ארטישוק תחתיות קפוא מהדרין 1 קג קפואים,₪ 24.00,ארטישוק,24.0
ארטישוק תחתיות תפזורת שקיל קפואים,₪ 22.69,ארטישוק,22.69
בסיס לפיצה ללא גלוטן 480 גרם קפואים,₪ 10.00,בסיס,10.0
בסיס לקצפת 4 קג UC קפואים,₪ 55.00,בסיס,55.0
בסיס לקצפת ריץ 4 קג קפואים,₪ 60.00,בסיס,60.0
בצק עלים 1.5 קג קפואים,₪ 18.50,בצק,18.5
בצק פילו 5 קג קפואים,₪ 100.10,בצק,100.1
בצק פילו 5 קג מהדרין קפואים,₪ 100.00,בצק,100.0
ברוקולי 1 קג קפוא רבנות קפואים,₪ 18.00,ברוקולי,18.0
ברוקולי מהדרין 1 קג קפואים,₪ 28.60,ברוקולי,28.6
ברוקולי קפוא 800 גרם קפואים,₪ 13.00,ברוקולי,13.0
גזר גמדי קפוא 800 גרם קפואים,₪ 10.00,גזר,10.0
גזר גמדי קפוא שקיל קפואים,₪ 12.50,גזר,12.5
גלידה דובדבן 5 ליטר קפואים,₪ 115.00,גלידה,115.0
גלידה וניל אוריאו 5 ליטר קפואים,₪ 100.00,גלידה,100.0
גלידה וניל פרווה 5 ליטר קפואים,₪ 100.00,גלידה,100.0
גלידה וניל צרפתי 5 ליטר קפואים,₪ 100.00,גלידה,100.0
גלידה לוטוס 5 ליטר פרווה קפואים,₪ 90.00,גלידה,90.0
גלידה מסקרפונה 5 ליטר קפואים,₪ 104.00,גלידה,104.0
גלידה סורבה אסאי 5 ליטר קפואים,₪ 180.00,גלידה,180.0
גלידה סורבה מנגו 5 ליטר קפואים,₪ 100.00,גלידה,100.0
גלידה סורבה פירות יער 5 ליטר קפואים,₪ 75.00,גלידה,75.0
גלידה סורבה פירות יער 5 ליטר קפואים,₪ 75.00,גלידה,75.0
גלידה סורבה פסיפלורה 5 ליטר קפואים,₪ 75.00,גלידה,75.0
גלידה סורבה קוקוס 5 ליטר קפואים,₪ 80.00,גלידה,80.0
גלידה סורבה תות 5 ליטר קפואים,₪ 100.00,גלידה,100.0
גלידה פיסטוק 5 ליטר קפואים,₪ 120.00,גלידה,120.0
גלידה קרם ברולה וינצי 5 ליטר קפואים,₪ 120.00,גלידה,120.0
גלידה שוקו אוריאו 5 ליטר קפואים,₪ 100.00,גלידה,100.0
גלידה שוקולד בלגי 4.5 ליטר קפואים,₪ 100.00,גלידה,100.0
גלידה שוקולד וינצי 5 ליטר קפואים,₪ 100.00,גלידה,100.0
גלידה שמנת אוראו 5 ליטר קפואים,₪ 100.00,גלידה,100.0
גלידה שמנת מסקרפונה -פירות יער 4.5 ליטר קפואים,₪ 110.00,גלידה,110.0
גלידה שמנת ריבת חלב 4.5 ליטר קפואים,₪ 110.00,גלידה,110.0
גלידה שמנת תות 5 ליטר קפואים,₪ 100.00,גלידה,100.0
גלידה שמנת תות שוקולד לבן 4.5 קג קפואים,₪ 105.00,גלידה,105.0
חומוס גרגירים קפוא סנפרוסט קפואים,₪ 12.00,חומוס,12.0
חומוס גרגרים מהדרין קפוא קפואים,₪ 15.00,חומוס,15.0
טבעות בצל טמפורה תפוגן 1 קג קפואים,₪ 35.10,טבעות,35.1
טבעות בצל תפוגן 2 קג קפואים,₪ 48.50,טבעות,48.5
טורטיה קוטר 20 שחף קפואים,₪ 1.50,טורטיה,1.5
טורטיה קוטר 25 בדץ קפואים,₪ 2.20,טורטיה,2.2
טורטיה קוטר 30 מהדרין קפואים,₪ 2.40,טורטיה,2.4
כדורי בצק לפיצה 300 גרם קפואים,₪ 3.90,כדורי,3.9
כדורי בצק לפיצה 480 גרם קפואים,₪ 6.24,כדורי,6.24
כדורי פירה 2 קג קפואים,₪ 48.36,כדורי,48.36
כרובית 800 גרם קפוא גרינס קפואים,₪ 10.00,כרובית,10.0
כרובית מילוטל בדץ 2.5 קג קפואים,₪ 26.00,כרובית,26.0
כרובית מצופה מהדרין 1 קג קפואים,₪ 38.00,כרובית,38.0
כרובית תפזורת מהדרין קפואים,₪ 25.00,כרובית,25.0
לקט ירקות קפוא קפואים,₪ 12.00,לקט,12.0
מחית פטל אדום קפואה פונטייה 1 קג קפואים,₪ 100.00,מחית,100.0
מלפפון קורנישון תומר 670 גרם רובין קפואים,₪ 10.50,מלפפון,10.5
סטייק אנטריקוט וילה מרצדס קפואים,₪ 56.00,סטייק,56.0
סלמון מעושן 100 גרם מהדרין קפואים,₪ 16.00,סלמון,16.0
סלמון מעושן 100 גרם עדה חרדית קפואים,₪ 16.00,סלמון,16.0
סלמון מעושן פרוס 500 גרם קפואים,₪ 75.00,סלמון,75.0
סלמון מעושן פרוס הילטון שקיל קפואים,₪ 156.36,סלמון,156.36
סלמון מעושן פרוס מהדרין שקיל קפואים,₪ 150.00,סלמון,150.0
ספירולינה 10 יח 10 גרם קפואים,₪ 29.90,ספירולינה,29.9
פוקאצה מחמצת עבודת יד 24 יחידות קפואים,₪ 4.50,פוקאצה,4.5
פילה אמנון 9-7 עדה חרדית קפואים,₪ 26.00,פילה,26.0
פילה דניס 140-100 תפזורת קפואים,₪ 80.00,פילה,80.0
פילה לברק יפני 9-7 שקיל קפואים,₪ 46.00,פילה,46.0
פילה סלמון נורווגי 1.8-1.4 קג קפואים,₪ 74.00,פילה,74.0
פילה סלמון נורווגי 2.3-1.8 קג קפואים,₪ 80.00,פילה,80.0
פילה סלמון פרימיום תנובה קפואים,₪ 80.00,פילה,80.0
פיתה 100 גרם מהדרין קפואים,₪ 1.60,פיתה,1.6
פריקה 5 קג סוגת קפואים,₪ 70.00,פריקה,70.0
ציפס אמריקאי תפוגן 2.5 קג קפואים,₪ 34.00,ציפס,34.0
ציפס סטייק תפוגן 2.5 קג קפואים,₪ 35.00,ציפס,35.0
ציפס פלחים פוטטוס 1 קג קפואים,₪ 14.00,ציפס,14.0
ציפס קוביות תפוגן 2.5 קג קפואים,₪ 33.86,ציפס,33.86
ציפס קלאסי 2.5 קג קפואים,₪ 31.00,ציפס,31.0
ציפס קלאסי מילוטל 2 קג קפואים,₪ 27.00,ציפס,27.0
ציפס קלאסי מילוטל 2.5 קג קפואים,₪ 34.00,ציפס,34.0
ציפס קריספי בטטה 2 קג קפואים,₪ 44.29,ציפס,44.29
ציפס קריספי מיוחד תפוגן 2.5 קג קפואים,₪ 38.00,ציפס,38.0
ציפס קריספי פוטטוס 2 קג קפואים,₪ 32.00,ציפס,32.0
צונגו דג גרידת לימון קפואים,₪ 45.00,צונגו,45.0
צונגו דג זהבנון בטמפורה קפואים,₪ 48.00,צונגו,48.0
ציפס בטטה חלק קפואים,₪ 27.00,ציפס,27.0
ציפס בטטה מסולסל קפואים,₪ 27.00,ציפס,27.0
קדאיף שיערות 450 גרם קפואים,₪ 18.00,קדאיף,18.0
קדאיף שערות תפזורת קפואים,₪ 22.00,קדאיף,22.0
שיני שום קפוא בית יוסף 1 קג קפואים,₪ 25.00,שיני,25.0
שיני שום קפוא רובין 1 קג קפואים,₪ 25.00,שיני,25.0
שניצלונים צונגו עוף תנובה שקיל קפואים,₪ 45.00,שניצלונים,45.0
שעועית ירוקה דקיקה מעודנת קפואים,₪ 15.00,שעועית,15.0
שעועית ירוקה חתוכה קפואים,₪ 10.00,שעועית,10.0
שעועית ירוקה שלמה מעודנת 1 קג קפואים,₪ 12.50,שעועית,12.5
שעועית מעודנת תפזורת סנפרוסט קפואים,₪ 15.94,שעועית,15.94
שעועית שלמה קפוא 1 קג קפואים,₪ 9.88,שעועית,9.88
תירס גרעינים קפוא 1 קג קפואים,₪ 12.00,תירס,12.0
תירס קפוא סנפרוסט 1 קג קפואים,₪ 11.30,תירס,11.3
תרד טחון 800 גרם אישור חול גרינס קפואים,₪ 10.00,תרד,10.0
תרד מדליונים קפוא 1 קג קפואים,₪ 12.50,תרד,12.5
תרד קפוא טחון 1 קג קפואים,₪ 11.50,תרד,11.5
אריסה תמרה 1 קג רטבים וממרחים,₪ 23.80,אריסה,23.8
דבש בית יצחק 20 גרם רטבים וממרחים,₪ 1.35,דבש,1.35
דבש טהור 1.5פוליבה קג רטבים וממרחים,₪ 60.00,דבש,60.0
דבש טהור 3 קג רטבים וממרחים,₪ 120.00,דבש,120.0
חמאת שקדים 300 גרם שקד תבור רטבים וממרחים,₪ 25.00,חמאת,25.0
חרדל דיזון גרגירים 350 גרם רטבים וממרחים,₪ 14.00,חרדל,14.0
חרדל דיזון גרגירים 5 קג רטבים וממרחים,₪ 65.00,חרדל,65.0
חרדל דיזון פורטה חלק 5 קג רטבים וממרחים,₪ 65.00,חרדל,65.0
חרדל דיזון פורטה 370 גרם רטבים וממרחים,₪ 12.00,חרדל,12.0
חרדל חלק אסם 5 קג רטבים וממרחים,₪ 100.00,חרדל,100.0
חרדל חלק תלמה 5 קג רטבים וממרחים,₪ 95.00,חרדל,95.0
חרדל מנות הלמנס 900 יח רטבים וממרחים,₪ 155.00,חרדל,155.0
טבסקו אדום 350 מל רטבים וממרחים,₪ 56.00,טבסקו,56.0
טבסקו אדום 60 מל רטבים וממרחים,₪ 13.76,טבסקו,13.76
מחית כמהין %5 ייבוא כהן רטבים וממרחים,₪ 78.00,מחית,78.0
מחית כמהין %5 כשר 500 גרם רטבים וממרחים,₪ 78.00,מחית,78.0
מחית פיסטוק 1 קג רטבים וממרחים,₪ 145.00,מחית,145.0
מטבוחה 400 גרם רטבים וממרחים,₪ 11.59,מטבוחה,11.59
מיונז אמיתי 5 קג מכסה כחול -כהן רטבים וממרחים,₪ 72.00,מיונז,72.0
מיונז אמיתי תמרה 5 קג רטבים וממרחים,₪ 78.00,מיונז,78.0
מיונז אסם אמיתי 5 קג רטבים וממרחים,₪ 88.00,מיונז,88.0
מיונז היינץ צנצנת 460 גרם רטבים וממרחים,₪ 14.20,מיונז,14.2
מיונז הלמנס 3.44 קג רטבים וממרחים,₪ 80.00,מיונז,80.0
מיונז הלמנס מנות 900 יחידות רטבים וממרחים,₪ 278.00,מיונז,278.0
מיונז לחיץ היינץ 395 גרם רטבים וממרחים,₪ 15.00,מיונז,15.0
מיונז לחיץ טומי 280 גרם רטבים וממרחים,₪ 10.00,מיונז,10.0
מיונז מנות 600 יחידות ENIF רטבים וממרחים,₪ 180.00,מיונז,180.0
מיונז תלמה 500 גרם רטבים וממרחים,₪ 12.00,מיונז,12.0
מיונז תלמה אמיתי 5 קג רטבים וממרחים,₪ 104.82,מיונז,104.82
מירין 500 מל )דאניינג( רטבים וממרחים,₪ 15.00,מירין,15.0
מלית מנגו פסיפלור 4 קג רטבים וממרחים,₪ 70.00,מלית,70.0
מלית פירות יער 4 קג רטבים וממרחים,₪ 72.00,מלית,72.0
ממרח זיתים קלמטה -כהן 1 קג רטבים וממרחים,₪ 32.00,ממרח,32.0
ממרח זיתים שחורים תמרה רטבים וממרחים,₪ 34.00,ממרח,34.0
ממרח חלבה פוליבה 5 קג רטבים וממרחים,₪ 71.40,ממרח,71.4
ממרח חלפיניו 1 קג רטבים וממרחים,₪ 28.00,ממרח,28.0
ממרח לוטוס 8 קג רטבים וממרחים,₪ 360.00,ממרח,360.0
ממרח לימון כבוש תמרה 1 קג רטבים וממרחים,₪ 28.00,ממרח,28.0
ממרח לסנדביץ טוניסאי 1 קג רטבים וממרחים,₪ 23.00,ממרח,23.0
ממרח נוטלה אורגינל 3 קג רטבים וממרחים,₪ 117.30,ממרח,117.3
ממרח עגבניות מיובשות כהן 1 קג רטבים וממרחים,₪ 35.00,ממרח,35.0
ממרח עגבניות תמרה 1 קג רטבים וממרחים,₪ 35.00,ממרח,35.0
ממרח פלפלים קלויים כהן 1 קג רטבים וממרחים,₪ 32.00,ממרח,32.0
ממרח פלפלים תמרה 1 קג רטבים וממרחים,₪ 38.00,ממרח,38.0
ממרח פסטו בזיליקום 1 קג כהן רטבים וממרחים,₪ 32.00,ממרח,32.0
ממרח פסטו תמרה 1 קג רטבים וממרחים,₪ 33.00,ממרח,33.0
ממרח פסטו תמרה עדה חרדית 1 קג רטבים וממרחים,₪ 35.00,ממרח,35.0
ממרח צימיצורי תמרה 1 קג רטבים וממרחים,₪ 35.00,ממרח,35.0
ממרח ציפטולה 1 קג רטבים וממרחים,₪ 37.00,ממרח,37.0
ממרח שוקולד בלגי פוליבה 4 קג רטבים וממרחים,₪ 63.00,ממרח,63.0
ממרח שוקולד השחר חלבי 500 גרם רטבים וממרחים,₪ 16.00,ממרח,16.0
ממרח שוקולד השחר פרווה 400 גרם רטבים וממרחים,₪ 13.00,ממרח,13.0
ממרח תמרים מועשר מוסדי 22 קג רטבים וממרחים,₪ 175.00,ממרח,175.0
ממרח תמרים פוליבה 450 גרם רטבים וממרחים,₪ 6.50,ממרח,6.5
מרקחת פירות יער 5 קג רטבים וממרחים,₪ 90.00,מרקחת,90.0
מרקחת תות שדה 20 גרם רטבים וממרחים,₪ 0.55,מרקחת,0.55
מרקחת תות שדה 5 קג רטבים וממרחים,₪ 78.00,מרקחת,78.0
מרקחת תפוזים 30 גרם רטבים וממרחים,₪ 1.80,מרקחת,1.8
סחוג אדום 1 קג תמרה רטבים וממרחים,₪ 24.00,סחוג,24.0
סילאן טבעי 700 גרם יד מרדכי רטבים וממרחים,₪ 22.00,סילאן,22.0
סילאן טבעי 900 גרם פוליבה רטבים וממרחים,₪ 20.00,סילאן,20.0
סילאן טבעי גלון 5 קג פוליבה רטבים וממרחים,₪ 75.00,סילאן,75.0
סילאן סירופ 5 קג פוליבה רטבים וממרחים,₪ 70.00,סילאן,70.0
סירופ מייפל 5 קג כהן רטבים וממרחים,₪ 58.00,סירופ,58.0
סירופ מייפל אמריקאי 1 ליטר רטבים וממרחים,₪ 73.70,סירופ,73.7
סירופ מייפל טבעי 189 מל רטבים וממרחים,₪ 30.00,סירופ,30.0
סירופ מייפל קארט דאור 6.4 קג רטבים וממרחים,₪ 89.00,סירופ,89.0
סירופ שוקולד 5 קג כהן רטבים וממרחים,₪ 60.00,סירופ,60.0
סירופ שוקולד קארט דאור 6.4 קג רטבים וממרחים,₪ 99.75,סירופ,99.75
סירופ תות 6.3 קג רטבים וממרחים,₪ 125.00,סירופ,125.0
קטשופ 4.5 קג כהן עדח רטבים וממרחים,₪ 57.00,קטשופ,57.0
קטשופ אסם דלי 4.45 קג רטבים וממרחים,₪ 65.00,קטשופ,65.0
קטשופ היינץ חריף 460 גרם רטבים וממרחים,₪ 12.00,קטשופ,12.0
קטשופ הלמנס מנות 996 יח רטבים וממרחים,₪ 155.00,קטשופ,155.0
קטשופ לחיץ ENIF נ 300 גרם רטבים וממרחים,₪ 11.00,קטשופ,11.0
קטשופ לחיץ אסם 750 גרם רטבים וממרחים,₪ 15.50,קטשופ,15.5
קטשופ לחיץ היינץ 435 גרם רטבים וממרחים,₪ 12.00,קטשופ,12.0
קטשופ מוסדי היינץ 13 קג רטבים וממרחים,₪ 182.00,קטשופ,182.0
קטשופ מוסדי הלמנס פאוץ 13 קג רטבים וממרחים,₪ 182.00,קטשופ,182.0
קטשופ מנות תמרה 500 יחידות רטבים וממרחים,₪ 150.00,קטשופ,150.0
קטשופ מתבל מנות 39 גרם היינץ רטבים וממרחים,₪ 3.80,קטשופ,3.8
קטשופ תמרה דלי 5 קג רטבים וממרחים,₪ 55.00,קטשופ,55.0
רוטב אלף האיים בלאק תמרה גלון רטבים וממרחים,₪ 55.00,רוטב,55.0
רוטב אלף האיים הלמנס 900 יחידות רטבים וממרחים,₪ 185.00,רוטב,185.0
רוטב אלף האיים תמרה גלון 4 ליטר רטבים וממרחים,₪ 56.00,רוטב,56.0
רוטב אלפרדו קנור 1 ליטר רטבים וממרחים,₪ 30.00,רוטב,30.0
רוטב ברביקיו בלאק 4.3 קג תמרה רטבים וממרחים,₪ 70.00,רוטב,70.0
רוטב ברביקיו 4.5 קג כהן עדח רטבים וממרחים,₪ 60.00,רוטב,60.0
רוטב ברביקיו היינץ לחיץ 480 גרם רטבים וממרחים,₪ 19.00,רוטב,19.0
רוטב ברביקיו הלמנס מנות 996 יח רטבים וממרחים,₪ 240.00,רוטב,240.0
רוטב ברביקיו מנות 600 יחידות ENIF רטבים וממרחים,₪ 145.00,רוטב,145.0
רוטב ברביקיו תמרה 4 ליטר רטבים וממרחים,₪ 60.00,רוטב,60.0
רוטב דגים 700 מל רטבים וממרחים,₪ 12.80,רוטב,12.8
רוטב דמי גלאס רטבים וממרחים,₪ 70.00,רוטב,70.0
רוטב ווסטרשייר 1 ליטר רטבים וממרחים,₪ 75.00,רוטב,75.0
רוטב ויניגרט הדרים 4 קג כהן רטבים וממרחים,₪ 55.00,רוטב,55.0
רוטב ויניגרט הדרים הלמנס 5.1 קג רטבים וממרחים,₪ 100.00,רוטב,100.0
רוטב ויניגרט הדרים תמרה גלון 4 ליטר רטבים וממרחים,₪ 55.00,רוטב,55.0
רוטב ויניגרט חרדל סילאן 1 ליטר רטבים וממרחים,₪ 18.92,רוטב,18.92
רוטב חלפיניו 500 גרם תמרה רטבים וממרחים,₪ 14.85,רוטב,14.85
רוטב חרדל ודבש 1 ליטר רטבים וממרחים,₪ 14.90,רוטב,14.9
רוטב חריף סרירצה גלון 4 ליטר רטבים וממרחים,₪ 85.00,רוטב,85.0
רוטב חריף פלפל קאיין 148 מל רטבים וממרחים,₪ 14.00,רוטב,14.0
רוטב טריאקי להקפצה גלון 4 ליטר רטבים וממרחים,₪ 52.00,רוטב,52.0
רוטב טריאקי קנור 6.4 קג רטבים וממרחים,₪ 125.00,רוטב,125.0
רוטב ישראלי לסלט 630 מל רטבים וממרחים,₪ 16.00,רוטב,16.0
רוטב מקסיקני בלאק גלון 4.1 קג רטבים וממרחים,₪ 66.00,רוטב,66.0
רוטב מרינדה שום ודבש גלון 4 ליטר רטבים וממרחים,₪ 52.00,רוטב,52.0
רוטב סויה גלון 4 ליטר רטבים וממרחים,₪ 45.00,רוטב,45.0
רוטב סויה יאמאסה פרימיום 18 ליטר רטבים וממרחים,₪ 239.43,רוטב,239.43
רוטב סויה יאמסה פרימיום 1.8 ליטר רטבים וממרחים,₪ 42.00,רוטב,42.0
רוטב סויה סיני פיין 4.5 קג רטבים וממרחים,₪ 65.00,רוטב,65.0
רוטב סויה קיקומן 1.2 ליטר רטבים וממרחים,₪ 25.00,רוטב,25.0
רוטב סויה קיקומן 3.79 ליטר רטבים וממרחים,₪ 85.00,רוטב,85.0
רוטב סויה קלאסי 4.6 קג י.כהן רטבים וממרחים,₪ 55.00,רוטב,55.0
רוטב סצואן קנור 6.2 קג רטבים וממרחים,₪ 112.00,רוטב,112.0
רוטב סריראצה 540 מל מזרח ומערב רטבים וממרחים,₪ 18.55,רוטב,18.55
רוטב סריראצה סופר חריף 455 מל רטבים וממרחים,₪ 18.55,רוטב,18.55
רוטב סריראצה סופר חריף 730 מל רטבים וממרחים,₪ 22.00,רוטב,22.0
רוטב סרירצה מיו 455 מל רטבים וממרחים,₪ 19.00,רוטב,19.0
רוטב פאד-תאי גלון 4 ליטר רטבים וממרחים,₪ 52.00,רוטב,52.0
רוטב צילי חריף גלון 4 ליטר רטבים וממרחים,₪ 45.00,רוטב,45.0
רוטב צילי חריף מנות הלמנס 996 יח רטבים וממרחים,₪ 245.00,רוטב,245.0
רוטב צילי חריף סיראצה 5.4 קג CCT רטבים וממרחים,₪ 70.00,רוטב,70.0
רוטב צילי מתוק 5.9 קג מזרח ומערב רטבים וממרחים,₪ 65.00,רוטב,65.0
רוטב צילי מתוק 4.6 קג -עדח כהן רטבים וממרחים,₪ 55.00,רוטב,55.0
רוטב צילי מתוק 4.8 קג פיין כשלפ רטבים וממרחים,₪ 60.00,רוטב,60.0
רוטב צילי מתוק הלתי בוי 5 קג כשר רטבים וממרחים,₪ 65.00,רוטב,65.0
רוטב צילי מתוק תמרה 4 ליטר רטבים וממרחים,₪ 56.00,רוטב,56.0
רוטב קיסר 1 ליטר רטבים וממרחים,₪ 22.00,רוטב,22.0
רוטב קיסר הלמנס גלון 4.9 קג רטבים וממרחים,₪ 110.00,רוטב,110.0
רוטב קרמל מלוח קארט דאור רטבים וממרחים,₪ 90.00,רוטב,90.0
רוטב שום בלאק תמרה 4 ליטר רטבים וממרחים,₪ 64.00,רוטב,64.0
רוטב שום מנות 600 יחידות ENIF רטבים וממרחים,₪ 110.00,רוטב,110.0
רוטב שום מנות הלמנס 900 יחידות רטבים וממרחים,₪ 225.00,רוטב,225.0
רוטב שום מנות תמרה 128 יח רטבים וממרחים,₪ 70.00,רוטב,70.0
רוטב שום תמרה 1 ליטר רטבים וממרחים,₪ 15.00,רוטב,15.0
רוטב שזיפים גלון 4 ליטר רטבים וממרחים,₪ 78.32,רוטב,78.32
רוטב שזיפים קנור 6.3 קג רטבים וממרחים,₪ 108.00,רוטב,108.0
רוטב שקשוקה עשירה גלון 4 ליטר רטבים וממרחים,₪ 90.00,רוטב,90.0
ריבת בצל בית יצחק 1 קג רטבים וממרחים,₪ 33.00,ריבת,33.0
ריבת בצל תמרה 1 קג רטבים וממרחים,₪ 34.00,ריבת,34.0
ריבת חלב פוליבה 340 גרם רטבים וממרחים,₪ 10.50,ריבת,10.5
ריבת חלב פרימיום 10 קג רטבים וממרחים,₪ 150.00,ריבת,150.0
שום כתוש 3 קג רטבים וממרחים,₪ 45.00,שום,45.0
שמן זית 750 מל OSSAB שמנים,₪ 40.00,שמן,40.0
שמן זית 750 מל ויליפוד שמנים,₪ 46.00,שמן,46.0
שמן זית הצפוני גלון 4 ליטר שמנים,₪ 165.00,שמן,165.0
שמן זית ויליפוד גלון 3 ליטר שמנים,₪ 120.00,שמן,120.0
שמן זית יד מרדכי 5 ליטר שמנים,₪ 200.00,שמן,200.0
שמן זית מעורב גלון 4 ליטר שמנים,₪ 55.00,שמן,55.0
שמן זית ספרדי גלון 3.8 ליטר כשרות לנדא שמנים,₪ 150.00,שמן,150.0
שמן זית פח 3 ליטר - כהן שמנים,₪ 140.00,שמן,140.0
שמן חמניות 5 ליטר ויליפוד שמנים,₪ 50.00,שמן,50.0
שמן חמניות פוליבה 5 ליטר שמנים,₪ 50.40,שמן,50.4
שמן סויה 10 ליטר שמנים,₪ 91.45,שמן,91.45
שמן סויה 17.4 ליטר OCRAY שמנים,₪ 160.00,שמן,160.0
שמן סויה 4.35 ליטר שמנים,₪ 38.00,שמן,38.0
שמן סויה גלון 17.4 ליטר פוליבה שמנים,₪ 160.00,שמן,160.0
שמן קוקוס 1 ליטר שמנים,₪ 40.00,שמן,40.0
שמן קנולה 1 ליטר שמנים,₪ 9.20,שמן,9.2
שמן קנולה 10 ליטר ויליפוד שמנים,₪ 90.00,שמן,90.0
שמן קנולה 17.4 ליטר שמנים,₪ 156.00,שמן,156.0
שמן קנולה 5 ליטר שמנים,₪ 45.00,שמן,45.0
שמן קנולה 5 ליטר שלי בר שמנים,₪ 45.00,שמן,45.0
שמן שומשום 2 ליטר שמנים,₪ 55.00,שמן,55.0
שמן תירס חיידר גלון 3 ליטר שמנים,₪ 31.00,שמן,31.0
שמן תירס שוקחה גלון 3 ליטר שמנים,₪ 34.00,שמן,34.0
אבקת שום תבלינים,₪ 25.00,אבקת,25.0
אגוז מוסקט טחון 1 קג תבלינים,₪ 78.00,אגוז,78.0
אורגנו אקסטרא ארוז 1 קג תבלינים,₪ 24.00,אורגנו,24.0
בהרט לקובה ובישול 1 קג -כהן תבלינים,₪ 43.85,בהרט,43.85
זנגווויל יבש טחון כהן תבלינים,₪ 32.00,זנגווויל,32.0
זעפראן 1 גרם תבלינים,₪ 20.00,זעפראן,20.0
זעתר אסלי חיידר 1 קג תבלינים,₪ 34.00,זעתר,34.0
זעתר ביתי 1 קג כהן תבלינים,₪ 32.00,זעתר,32.0
זרעי חרדל צהוב-כהן 1 קג תבלינים,₪ 23.00,זרעי,23.0
חמוציות חתוך חיידר 1 קג תבלינים,₪ 28.40,חמוציות,28.4
טימין 500 גרם -כהן תבלינים,₪ 30.00,טימין,30.0
כוסברה גרעינים 1 קג -כהן תבלינים,₪ 18.00,כוסברה,18.0
כוסברה טחון 1 קג תבלינים,₪ 15.00,כוסברה,15.0
כורכום טחון חיידר 1 קג תבלינים,₪ 23.00,כורכום,23.0
כורכום טחון נפטון 1 קג תבלינים,₪ 18.95,כורכום,18.95
כמון טחון כהן 1 קג תבלינים,₪ 42.00,כמון,42.0
כמון טחון 1 קג בר מן תבלינים,₪ 40.00,כמון,40.0
מוסקט טחון נפטון 1 קג תבלינים,₪ 75.00,מוסקט,75.0
מלח גס 1 קג תבלינים,₪ 1.94,מלח,1.94
מלח ים אטלנטי 1 קג תבלינים,₪ 20.00,מלח,20.0
מלח לימון 2 קג -כהן תבלינים,₪ 30.00,מלח,30.0
מלח שולחן דק 1 קג תבלינים,₪ 2.30,מלח,2.3
מקל וניל בורבון מדגסקר 3 גרם תבלינים,₪ 16.00,מקל,16.0
סומק טחון איכותי -כהן תבלינים,₪ 37.00,סומק,37.0
עלי דפנה 1 קג תבלינים,₪ 29.00,עלי,29.0
פיסטוק מקולף-כהן 1 קג תבלינים,₪ 120.00,פיסטוק,120.0
פלפל אנגלי טחון תבלינים,₪ 85.00,פלפל,85.0
פלפל אנגלי טחון נפטון 1 קג תבלינים,₪ 44.00,פלפל,44.0
פלפל אנגלי שלם תבלינים,₪ 72.00,פלפל,72.0
פלפל לבן טחון 1 קג תבלינים,₪ 49.00,פלפל,49.0
פלפל שאטה גרוס 1 קג כהן תבלינים,₪ 32.00,פלפל,32.0
פלפל שחור טחון 1 קג תבלינים,₪ 50.00,פלפל,50.0
פלפל שחור טחון נפטון 1 קג תבלינים,₪ 30.00,פלפל,30.0
פלפל שחור שלם 1 קג תבלינים,₪ 55.00,פלפל,55.0
פלפל שיפקונית פח 2.5 קג תבלינים,₪ 62.00,פלפל,62.0
פפריקה חריפה 1 קג תבלינים,₪ 24.00,פפריקה,24.0
פפריקה מתוקה 1 קג תבלינים,₪ 28.00,פפריקה,28.0
פפריקה מתוקה בשמן 1 קג תבלינים,₪ 27.00,פפריקה,27.0
פפריקה מתוקה מעושנת 1 קג תבלינים,₪ 33.00,פפריקה,33.0
פפריקה מתוקה מרוקאית 1 קג תבלינים,₪ 28.00,פפריקה,28.0
פרג שלם אקסטרא 1 קג חיידר תבלינים,₪ 32.00,פרג,32.0
צילי גרוס חריף 1 קג תבלינים,₪ 30.00,צילי,30.0
קארי אקסטרה חיידר 1 קג תבלינים,₪ 26.00,קארי,26.0
קארי כהן כשלפ 1 קג תבלינים,₪ 26.00,קארי,26.0
קוקוס טחון 1 קג -כהן תבלינים,₪ 35.00,קוקוס,35.0
קינמון טחון 1 קג תבלינים,₪ 29.00,קינמון,29.0
קצח 1 קג תבלינים,₪ 26.00,קצח,26.0
ראס אל חנות 1 קג -כהן תבלינים,₪ 50.00,ראס,50.0
ראס אל חנות נפטון 1 קג תבלינים,₪ 46.00,ראס,46.0
רוזמרין 1 קג תבלינים,₪ 26.00,רוזמרין,26.0
שום גבישי 1 קג תבלינים,₪ 38.00,שום,38.0
שומשום חום מלא 1 קג תבלינים,₪ 27.00,שומשום,27.0
שיני שום טרי 1 קג תבלינים,₪ 30.00,שיני,30.0
שקד מולבן פרוס 1 קג תבלינים,₪ 58.00,שקד,58.0
תבלין לפיצה מנות ברמן 2000 יח תבלינים,₪ 145.00,תבלין,145.0
תבלין אגוז מוסקט שלם 1 קג תבלינים,₪ 85.00,תבלין,85.0
תבלין בהר סטייק 1 קג תבלינים,₪ 35.00,תבלין,35.0
תבלין בהר שווארמה 1 קג תבלינים,₪ 35.00,תבלין,35.0
תבלין גריל עוף 1 קג -כהן תבלינים,₪ 36.00,תבלין,36.0
תבלין הל 1 קג תבלינים,₪ 100.00,תבלין,100.0
תבלין השחמה קייגן 1 קג תבלינים,₪ 30.00,תבלין,30.0
תבלין חוויג 1 קג תבלינים,₪ 24.00,תבלין,24.0
תבלין טוסקנה 1 קג תבלינים,₪ 30.00,תבלין,30.0
תבלין לפיצה 1 קג תבלינים,₪ 30.00,תבלין,30.0
תבלין לפיצה מנות 2000 יח -כהן תבלינים,₪ 145.00,תבלין,145.0
תבלין לפיצה מנות ברמן 2000 יח תבלינים,₪ 145.00,תבלין,145.0
תבלין פילדלפיה 1 קג כהן תבלינים,₪ 30.00,תבלין,30.0
תבלין פילדפליה חיידר 1 קג תבלינים,₪ 30.00,תבלין,30.0
תבלין פיצה איטלקי אדום 2000 יח תבלינים,₪ 140.00,תבלין,140.0
תבלין צילי מנות 1000 יחידות תבלינים,₪ 120.00,תבלין,120.0
תערובת תבלינים לשווארמה-כהן תבלינים,₪ 38.00,תערובת,38.0
תערובת תבלינים לשווארמה נפטון תבלינים,₪ 37.00,תערובת,37.0
